date,log_return
1991-01-03,0.010039469603839836
1991-01-04,0.00993967966217474
1991-01-07,0.004705891037412714
1991-01-08,0.0046838493124264375
1991-01-09,0.004962043111062258
1991-01-10,0.0047136370989805665
1991-01-11,0.004691522921733012
1991-01-14,0.0005199242513230109
1991-01-15,0.0005196540705635927
1991-01-16,-0.0037177528136177226
1991-01-17,7.449067007802878e-05
1991-01-18,-7.449067007792189e-05
1991-01-21,0.0
1991-01-22,-0.0038811811669982113
1991-01-23,-0.004121554037844375
1991-01-24,-0.004214017824545806
1991-01-25,-0.004231850946366385
1991-01-28,-0.004478015907711052
1991-01-29,-0.0038870518817094375
1991-01-30,-0.0039022200326025037
1991-01-31,-0.0036096963276213106
1991-02-01,-0.0035455563580012997
1991-02-04,-0.0035581720708727903
1991-02-05,-0.003648647451082225
1991-02-06,0.004345808484780134
1991-02-07,0.005020672501346786
1991-02-08,0.0045355037967256765
1991-02-11,0.004515025844918343
1991-02-12,0.0028972267902373115
1991-02-13,0.0043301621197946085
1991-02-14,0.0046133566412441
1991-02-19,0.004517059551238429
1991-02-20,0.004047981539555721
1991-02-21,0.0045530961284526465
1991-02-22,0.004384179416932172
1991-02-25,-0.0034909234397170366
1991-02-26,-0.0035031526900183713
1991-02-27,-0.0034405419129707026
1991-02-28,-0.00345242012085538
1991-03-01,-0.00361527847261739
1991-03-04,-0.004082872751724102
1991-03-05,-0.0040235393054331055
1991-03-06,-0.003963419822484923
1991-03-07,-0.004055869344134926
1991-03-08,-0.003995395249617818
1991-03-11,-0.004475316111432271
1991-03-12,-0.0041847550220676984
1991-03-13,-0.02055619219862574
1991-03-14,-0.004130596070740333
1991-03-15,-0.003668265676394254
1991-03-18,-0.0036817714072764395
1991-03-19,-0.003936854801498834
1991-03-20,-0.00451832300073429
1991-03-21,-0.004376374599798777
1991-03-22,-0.0040693471960819546
1991-03-25,-0.00408597446786479
1991-03-26,-0.004102738174713398
1991-03-27,-0.004119640002825058
1991-03-28,-0.004219590093987145
1991-03-29,-0.00348837563045412
1991-04-01,0.004482823379598675
1991-04-02,0.003967931138124611
1991-04-03,0.00411658740404495
1991-04-04,8.215914230486266e-05
1991-04-05,-0.001479898321561145
1991-04-08,-0.003709355940934299
1991-04-09,-0.003888962743434217
1991-04-10,-0.003820920007016159
1991-04-11,-0.004336954254077308
1991-04-12,-0.0036005900318370862
1991-04-15,-0.003697793943761297
1991-04-16,-0.003627012537600902
1991-04-17,-0.0037250297052227287
1991-04-18,-0.0038240964384035057
1991-04-19,-0.003155249281236699
1991-04-22,-0.003850931120726603
1991-04-23,-0.003779748508188003
1991-04-24,-0.0034485765705888245
1991-04-25,-0.003720532087542791
1991-04-26,0.0017322020613956628
1991-04-29,-0.007034026657379936
1991-04-30,-0.007083854888405044
1991-05-02,-0.006869247618883047
1991-05-03,-0.006649844959660782
1991-05-06,-0.007142249806082175
1991-05-07,-0.007103388228420012
1991-05-08,-0.007154207557382233
1991-05-09,-0.006748156193239133
1991-05-10,-0.0069782672306585945
1991-05-13,-0.00637798529392662
1991-05-14,-0.006045686460568858
1991-05-15,-0.005800914470563385
1991-05-16,-0.007535120892903258
1991-05-17,0.009222726768772373
1991-05-20,0.009973517914788609
1991-05-21,0.0091400719393982
1991-05-22,-0.005159875080321472
1991-05-23,0.007638191094788595
1991-05-24,0.009125816207645706
1991-05-27,0.005255063284930073
1991-05-28,0.009175201544098777
1991-05-29,0.009535339368725361
1991-05-30,0.009445274792190136
1991-05-31,0.008834520613120123
1991-06-03,0.009878763180513988
1991-06-04,0.00986751324438956
1991-06-05,0.00892521543792269
1991-06-06,0.009936087133914856
1991-06-07,0.009340406493922378
1991-06-10,0.00991170252059647
1991-06-11,0.009977184497148153
1991-06-12,0.0098786228449239
1991-06-13,0.009861775655099565
1991-06-14,-0.006483394063472399
1991-06-17,0.009908191326007143
1991-06-18,0.00996843697630531
1991-06-19,0.009870047225879329
1991-06-20,0.009927949379470537
1991-06-21,0.009906773800873453
1991-06-24,0.009960923328122559
1991-06-25,0.009937595897925885
1991-06-26,0.00998815697834217
1991-06-27,0.010036243934882774
1991-06-28,0.010009215983199435
1991-07-01,-0.005174750077377422
1991-07-02,-0.006524710658772705
1991-07-03,-0.0050879437268127195
1991-07-04,0.010003761249293934
1991-07-05,-0.0049158175224811515
1991-07-08,-0.00501402023759045
1991-07-09,-0.004742154707774367
1991-07-10,-0.004839379582033714
1991-07-11,-0.0045629730963565
1991-07-12,-0.004357960161826627
1991-07-15,0.002556969130223863
1991-07-16,0.009939919663221192
1991-07-17,0.009915724280198338
1991-07-18,0.009964182374338597
1991-07-19,-0.003432288760411701
1991-07-22,0.009972059198157154
1991-07-23,0.00951495681373406
1991-07-24,0.009212047863986729
1991-07-25,-0.0034891622253372433
1991-07-26,0.003346985499427803
1991-07-29,0.006095418971657646
1991-07-30,0.006128721941373326
1991-07-31,0.009853673494043274
1991-08-01,0.009964101259188746
1991-08-02,0.009865796656990153
1991-08-05,0.009971930816449067
1991-08-06,0.009873472424684672
1991-08-07,0.009975476748995332
1991-08-08,0.009811424309529288
1991-08-09,0.00971609482328657
1991-08-12,0.009301190940727204
1991-08-13,0.009788632588143668
1991-08-14,0.009882880565422815
1991-08-15,0.009911008238259106
1991-08-16,0.008638691428371946
1991-08-19,0.00991356907560944
1991-08-20,0.009937591308012195
1991-08-21,0.009959941086144303
1991-08-22,0.009980659571879989
1991-08-23,0.009764257829568858
1991-08-26,0.009961408985779843
1991-08-27,0.00974768379696243
1991-08-28,0.009939468803767918
1991-08-29,0.009898254772266269
1991-08-30,0.00996938612635124
1991-09-02,0.009981959363553831
1991-09-03,0.009663511518260004
1991-09-04,0.009407715832821446
1991-09-05,0.0098592347923089
1991-09-06,0.00992311089912559
1991-09-09,0.009984150913540109
1991-09-10,-0.004820307556291478
1991-09-11,-0.005911347263057237
1991-09-12,-0.005355625483214932
1991-09-13,0.008395546759731233
1991-09-16,0.009908678235466511
1991-09-17,-0.0053395490452618445
1991-09-18,-0.005421507911036346
1991-09-19,-0.004005238859420983
1991-09-20,-0.005150225976315905
1991-09-23,-0.004960648585221555
1991-09-24,-0.004985379351214352
1991-09-25,-0.00484658012974268
1991-09-26,-0.004705633546254451
1991-09-27,-0.002801045357401125
1991-09-30,-0.004962242084069821
1991-10-03,0.008585633366490096
1991-10-04,0.009870025867813235
1991-10-07,0.009236069869255572
1991-10-08,0.007978836941658175
1991-10-09,0.008656223562873917
1991-10-10,0.009944048479310193
1991-10-11,0.009586901957193103
1991-10-14,0.009393132646949943
1991-10-15,0.009916253818212841
1991-10-16,0.009919611679541656
1991-10-17,0.00972243801567135
1991-10-18,0.009925147228744368
1991-10-21,0.00992539594671795
1991-10-22,0.0097310163094835
1991-10-23,0.008293600747393447
1991-10-24,0.008701527460636993
1991-10-25,0.008484870660761014
1991-10-28,0.009956873542110436
1991-10-29,0.00837681741273363
1991-10-30,0.0030077994032438548
1991-10-31,0.009976406216000084
1991-11-01,0.009651354166592446
1991-11-04,0.00924491916775195
1991-11-05,0.008403786439386413
1991-11-06,0.009877607827593659
1991-11-07,0.00899503662588881
1991-11-08,0.009953358277524001
1991-11-11,0.010026548700941485
1991-11-12,0.009587801155153612
1991-11-13,0.003682777671837175
1991-11-14,0.003290309220022941
1991-11-15,0.0033634675391806578
1991-11-18,0.00989838307106702
1991-11-19,0.006710044643705586
1991-11-20,0.00928633866584265
1991-11-21,0.0073755962805911795
1991-11-22,0.008972657400644471
1991-11-25,0.009291588334099418
1991-11-26,0.008415753691342386
1991-11-27,0.009755791155202587
1991-11-28,0.007410330321956662
1991-11-29,0.008704958731171466
1991-12-02,0.00992744694703676
1991-12-03,0.009943155923279426
1991-12-04,0.0036186853917994843
1991-12-05,0.0033431655952618445
1991-12-06,0.010037210439230277
1991-12-09,0.003409810204915436
1991-12-10,0.009720611170622076
1991-12-11,0.002927081230788557
1991-12-12,0.0025541866035140065
1991-12-13,0.009394167850955657
1991-12-16,0.0030638935385918025
1991-12-17,0.0029827704359879506
1991-12-18,0.002973899968525137
1991-12-19,0.002358491659293105
1991-12-20,0.00944944864315522
1991-12-23,0.00992127473758014
1991-12-24,0.0019934607122585016
1991-12-25,0.003243981427575558
1991-12-26,0.0030599140673365204
1991-12-27,0.009743028979128507
1991-12-30,0.0029524877256639675
1991-12-31,0.003558844395392314
1992-01-02,0.003410062980541964
1992-01-03,0.009385604330150276
1992-01-06,0.003904414249848022
1992-01-07,0.0036549625732907867
1992-01-08,0.002974452003340346
1992-01-09,0.003198510090081941
1992-01-10,0.00401693626698893
1992-01-13,0.00406686073594721
1992-01-14,0.008804261864871932
1992-01-15,0.0029067414362065323
1992-01-16,0.0007172198260114885
1992-01-17,0.001725738344059821
1992-01-20,3.253249182899468e-05
1992-01-21,0.0015603162805430805
1992-01-22,0.000259816181514102
1992-01-23,0.00188165121700478
1992-01-24,0.001683992755225409
1992-01-27,0.008249329802547499
1992-01-28,0.0007378298514208855
1992-01-29,0.0018582006436122108
1992-01-30,0.0009917620584162944
1992-01-31,0.0016294714214578473
1992-02-03,0.00299640018905678
1992-02-07,0.0017172845689553684
1992-02-10,0.0026654835861398807
1992-02-11,0.0027532098595290503
1992-02-12,3.160206677786889e-05
1992-02-13,0.0018942987289839184
1992-02-14,0.008292546578009144
1992-02-17,0.00028149190896630146
1992-02-18,0.052807299218765785
1992-02-19,0.015599562860667632
1992-02-20,0.016164894280826004
1992-02-21,0.032790749805075514
1992-02-24,0.0025274631905139525
1992-02-25,-0.00036067529903938573
1992-02-26,-0.0007495107711347395
1992-02-27,0.006504763092057056
1992-02-28,0.006078878864171827
1992-03-02,0.001999863689610507
1992-03-03,0.0043965717539009705
1992-03-04,0.0035902774789474934
1992-03-05,0.0039020209925527453
1992-03-06,0.005394338250652211
1992-03-09,0.004749837855707822
1992-03-10,0.0045408486592967
1992-03-11,0.002422243222204722
1992-03-12,0.002071548824623364
1992-03-13,-0.0014336920018486968
1992-03-16,0.0017785333119491118
1992-03-17,0.0011662736233302054
1992-03-18,0.00045024168144567234
1992-03-19,-0.0009271892262580085
1992-03-20,0.0018006095160184733
1992-03-23,0.0023781852451703767
1992-03-24,-0.0005279970554828242
1992-03-25,-0.0015063228756964134
1992-03-26,0.002667548627043553
1992-03-27,0.004316364116951583
1992-03-30,0.0017580461357514703
1992-03-31,-0.0005244663675051499
1992-04-01,-0.0006034765680031349
1992-04-02,0.00028866466551334447
1992-04-03,0.0005508558077519186
1992-04-06,0.00036706869840586923
1992-04-07,0.0012051350685707558
1992-04-08,0.0013082842412397648
1992-04-09,-0.002041671738424083
1992-04-10,0.0009951813098737666
1992-04-13,0.023489710788443977
1992-04-14,0.02399953513352701
1992-04-15,0.01513660252476515
1992-04-16,0.009372736153708419
1992-04-17,0.009382228174138885
1992-04-20,-0.001376362997531757
1992-04-21,-0.009200098876504081
1992-04-22,-0.025138988355920818
1992-04-23,0.01826274538317458
1992-04-24,0.017404443463118684
1992-04-27,0.0242687540585825
1992-04-28,0.026748199061433733
1992-04-29,0.01833621381309564
1992-04-30,0.0027429924791255015
1992-05-04,0.018331992794779168
1992-05-05,-0.00976935873703859
1992-05-06,0.0016682055093739593
1992-05-07,0.010369202247296799
1992-05-08,0.029175418862551504
1992-05-11,0.04875862855274781
1992-05-12,0.030121612357360734
1992-05-13,0.0147175314943584
1992-05-14,0.017968480351133426
1992-05-15,0.039322858537115334
1992-05-18,0.04923183421411008
1992-05-19,0.044950426981546124
1992-05-20,0.03107813279577095
1992-05-21,0.7191517573161821
1992-05-22,0.05641285659574581
1992-05-25,0.05909974340467178
1992-05-26,-0.0883597074753068
1992-05-27,-0.08678855630941198
1992-05-28,-0.028047084763603354
1992-05-29,0.06226957858739938
1992-06-01,-0.04257968622303528
1992-06-02,-0.03633383925901791
1992-06-03,-0.0745314346809196
1992-06-04,0.04196536321093676
1992-06-05,0.001176353620827216
1992-06-08,-0.011185900684984679
1992-06-09,0.0298750191746751
1992-06-10,0.052223964834610094
1992-06-11,-0.007373242948089913
1992-06-12,-0.005608501473769822
1992-06-15,0.00011947635235819959
1992-06-16,-0.004404445768072067
1992-06-17,0.0024569090419394083
1992-06-18,-0.0009751925494823812
1992-06-19,0.002999527964955278
1992-06-22,-0.0017422202336678
1992-06-23,-0.010077101859466675
1992-06-24,-0.006157916247013936
1992-06-25,0.007935004361343057
1992-06-26,0.0038195237626054072
1992-06-29,0.004147072579329523
1992-06-30,0.01836794978830529
1992-07-01,0.0025069499205255578
1992-07-02,-0.005626342697480883
1992-07-03,0.0014137608386805783
1992-07-06,0.009915693939606693
1992-07-07,0.004527582324980193
1992-07-08,-0.01752582525951047
1992-07-09,-0.005896727365027294
1992-07-10,0.008525071169156385
1992-07-13,-0.044989199255655934
1992-07-14,-0.0198017472705181
1992-07-15,-0.005725258016363293
1992-07-16,0.015186218660543576
1992-07-17,0.0008177051384431612
1992-07-20,-0.024043812836014124
1992-07-21,-0.015065317644874229
1992-07-22,-0.04413265445849725
1992-07-23,-0.020574027233993594
1992-07-24,0.11833374680479417
1992-07-27,0.006380539681796124
1992-07-28,-0.038474469775480344
1992-07-29,-0.017172696491527435
1992-07-30,-0.02771893281089196
1992-07-31,-0.005053412793422997
1992-08-03,-0.019697126573972174
1992-08-04,0.0039474117376318285
1992-08-05,-0.022538035694129377
1992-08-06,-0.010304252544749865
1992-08-07,0.00304872209838572
1992-08-10,-0.04178699878256364
1992-08-11,-0.11029498607701377
1992-08-12,-0.1000456654316693
1992-08-13,0.08549762106001633
1992-08-14,0.00870527108396585
1992-08-17,0.0902583502251026
1992-08-18,-0.006428555429574872
1992-08-19,0.0064817760770696535
1992-08-20,-0.007682359361662321
1992-08-21,-0.01738685019390284
1992-08-24,-0.03571907478910251
1992-08-25,-0.03983983928198625
1992-08-26,0.03206167533355189
1992-08-27,-0.015485484801467915
1992-08-28,-0.01819007262136618
1992-08-31,-0.029832242122231945
1992-09-01,0.002050685392509358
1992-09-02,-0.04625567989233355
1992-09-03,-0.030367462558311964
1992-09-04,-0.013876574228273543
1992-09-07,-0.06972014183267687
1992-09-08,-0.09345938302138244
1992-09-09,-0.006865984052671164
1992-09-10,0.08592281374613063
1992-09-11,0.11381367323948548
1992-09-14,-0.054682873752474534
1992-09-15,0.004317315312040279
1992-09-16,0.04098238048726027
1992-09-17,-0.009563949666944701
1992-09-18,-0.009656302771368298
1992-09-21,-0.028176936672982274
1992-09-22,-0.014751596357330013
1992-09-23,-0.014396758933627279
1992-09-24,0.025227612022094913
1992-09-25,-0.0010682298531492888
1992-09-28,-0.00699904540901807
1992-09-29,-0.01960587557538171
1992-09-30,-0.01176275992190061
1992-10-05,-0.03285532217727611
1992-10-06,-0.007947687824852952
1992-10-07,-0.013408188928125635
1992-10-08,-0.03296069793699967
1992-10-09,0.02546188870391727
1992-10-12,0.04483821107117694
1992-10-13,-0.024302069518804842
1992-10-14,-0.015309701450839918
1992-10-15,-0.0003315050358851107
1992-10-16,0.00183696260286564
1992-10-19,-0.04988892478781226
1992-10-20,-0.02580447336278754
1992-10-21,-0.050909918876792776
1992-10-22,-0.08160901251183246
1992-10-23,0.0362558240199072
1992-10-26,-0.09906187121100286
1992-10-27,-0.11852304190620525
1992-10-28,0.028310903485603695
1992-10-29,0.044420787314898416
1992-10-30,0.0464026764188189
1992-11-02,-0.06020947882327852
1992-11-03,0.004595692323264108
1992-11-04,-0.02087028609713965
1992-11-05,-0.015592307571095265
1992-11-06,-0.012134804437846926
1992-11-09,-0.06424537955465129
1992-11-10,-0.06775874447506325
1992-11-11,0.02375865740533203
1992-11-12,0.013632997635210992
1992-11-13,-0.0040969836070595565
1992-11-16,-0.036320241035372104
1992-11-17,-0.014631207981140131
1992-11-18,0.0351789424172575
1992-11-19,-0.02147473915005205
1992-11-20,0.0062219868638221975
1992-11-23,0.022049844469845477
1992-11-24,0.06975770478327742
1992-11-25,0.2616262970619506
1992-11-26,-0.016972285603492572
1992-11-27,0.12630126482031895
1992-11-30,0.1277988703109649
1992-12-01,-0.01090662566088794
1992-12-02,0.007588956043268569
1992-12-03,0.11250744380101597
1992-12-04,-0.0014611015340619967
1992-12-07,-0.01721002064700641
1992-12-08,-0.05082564121847151
1992-12-09,-0.10845425419546408
1992-12-10,-0.0787389530083604
1992-12-11,0.14429329330667068
1992-12-14,-0.024115786684272365
1992-12-15,-0.032915586566036985
1992-12-16,0.005233700527506063
1992-12-17,0.03157462145692982
1992-12-18,-0.013784492242806607
1992-12-21,0.0469379280707453
1992-12-22,-0.008096321310939148
1992-12-23,0.008601879040685155
1992-12-24,0.03561262935072605
1992-12-25,0.007472767181057517
1992-12-28,-0.009161533332130847
1992-12-29,0.015201246706823945
1992-12-30,-0.001809389792214093
1992-12-31,0.016629256971534747
1993-01-04,0.0422157101190592
1993-01-05,0.05343340358417112
1993-01-06,-0.013222868140278043
1993-01-07,0.02508856194165258
1993-01-08,0.023317177494418636
1993-01-11,0.09429066735379112
1993-01-12,0.010016982183975816
1993-01-13,0.03658720327032016
1993-01-14,0.05913173802920845
1993-01-15,-0.02108729001315693
1993-01-18,-0.007965763094202499
1993-01-19,-0.062047595822799145
1993-01-20,0.050601908767305234
1993-01-21,0.029233701033130846
1993-01-22,0.023959905833110737
1993-01-27,0.0549292859612984
1993-01-28,-0.010437614485498447
1993-01-29,0.04097045746833098
1993-02-01,0.0646334285221148
1993-02-02,0.02478227157154303
1993-02-03,-0.007674846376815946
1993-02-04,0.053168419045841075
1993-02-05,-0.02856132674521037
1993-02-08,0.044179692872337084
1993-02-09,0.05702202491595345
1993-02-10,-0.013969053317190873
1993-02-11,-0.040035642976031224
1993-02-12,0.042987705039834345
1993-02-15,0.05212858666334215
1993-02-16,-0.015303711454082044
1993-02-17,-0.006283409460977184
1993-02-18,0.0028019220115746567
1993-02-19,-0.005638387788350041
1993-02-22,-0.029399653985073684
1993-02-23,-0.063010232292276
1993-02-24,-0.07784137234733932
1993-02-25,0.1088044898244423
1993-02-26,-0.051264933236653015
1993-03-01,-0.11048352623631583
1993-03-02,0.037127347949735316
1993-03-03,-0.010771720056184833
1993-03-04,-0.06078243564363846
1993-03-05,-0.043724208711125416
1993-03-08,0.08638554655121576
1993-03-09,-0.06124327716271408
1993-03-10,0.043999601698589484
1993-03-11,0.05945188685103701
1993-03-12,-0.020359605965358886
1993-03-15,-0.05369837780150832
1993-03-16,0.04245755213831226
1993-03-17,-0.01624510038700696
1993-03-18,-0.015389881226359104
1993-03-19,-0.008044222791042464
1993-03-22,-0.12500485626243746
1993-03-23,-0.06542615795945105
1993-03-24,-0.014811858682643004
1993-03-25,-0.012142769797205093
1993-03-26,0.09511592307132387
1993-03-29,-0.06898531482659678
1993-03-30,-0.012859912771028404
1993-03-31,-0.034122930977620765
1993-04-01,0.022764898227394834
1993-04-02,-0.00340517661575006
1993-04-05,0.004080602740314127
1993-04-06,0.11144827021692462
1993-04-07,0.03705431229086944
1993-04-08,0.11923500824120278
1993-04-09,0.00334422868680947
1993-04-12,-0.03227668842119131
1993-04-13,0.07506421634645775
1993-04-14,-0.019434408730798155
1993-04-15,0.005056395340544298
1993-04-16,-0.05141512273485265
1993-04-19,0.006948431751090216
1993-04-20,0.010005208038768887
1993-04-21,-0.010544913176614998
1993-04-22,0.03598108536770683
1993-04-23,-0.005617992304223261
1993-04-26,0.06553732785734204
1993-04-27,0.013163476096898894
1993-04-28,0.006622976466704586
1993-04-29,-0.016766367085966273
1993-04-30,0.006719711010794875
1993-05-03,-0.004824761666592094
1993-05-04,-0.08571605046420966
1993-05-05,0.004549883651939487
1993-05-06,-0.06966222629519316
1993-05-07,0.03122912737225376
1993-05-10,-0.06145999869266315
1993-05-11,0.0074613044433594145
1993-05-12,0.0030303985104528494
1993-05-13,0.03201177774854752
1993-05-14,-0.008367678634980781
1993-05-17,-0.02377566478914907
1993-05-18,-0.008615654756616468
1993-05-19,0.014893929709469901
1993-05-20,0.015722751263840627
1993-05-21,-0.018559706889303713
1993-05-24,-0.10871022446241707
1993-05-25,-0.02784654850124689
1993-05-26,-0.0025082786302007016
1993-05-27,-0.03250824778883395
1993-05-28,0.009461023483615334
1993-05-31,-0.03908790537671793
1993-06-01,-0.007403228988826409
1993-06-02,0.15217027684724987
1993-06-03,-0.059946785561608665
1993-06-04,-0.013833968441390586
1993-06-07,0.05866523822517514
1993-06-08,0.008973867920654457
1993-06-09,-0.008776700557786501
1993-06-10,-0.01967233039366337
1993-06-11,0.002448075276863778
1993-06-14,-0.04549902431190608
1993-06-15,0.0011787977629224493
1993-06-16,0.0026223311883997505
1993-06-17,-0.006233039198488951
1993-06-18,0.007964193434890845
1993-06-21,-0.028606652248771455
1993-06-22,0.0035941511270064868
1993-06-23,0.0049716697479878355
1993-06-24,-0.005950612364279368
1993-06-25,0.026647305275414212
1993-06-28,-0.004200975785970613
1993-06-29,0.025626014509038054
1993-06-30,-0.021017826087889723
1993-07-01,-0.0094983204191512
1993-07-02,-0.010632447696082112
1993-07-05,-0.03575916376621476
1993-07-06,-0.059121514982066366
1993-07-07,0.006827935465814942
1993-07-08,-0.00847806405966867
1993-07-09,-0.031270787294817325
1993-07-12,-0.026896358465612877
1993-07-13,0.028598858560495467
1993-07-14,-0.03945566978049536
1993-07-15,0.0027580625092738587
1993-07-16,0.009694126001230263
1993-07-19,-0.011747024650212058
1993-07-20,-0.03497824959860106
1993-07-21,0.00435816610054102
1993-07-22,0.004658116788198208
1993-07-23,-0.0024431129292492473
1993-07-26,-0.032138151668980146
1993-07-27,0.0048245346614538024
1993-07-28,0.008440567108098138
1993-07-29,0.010392616902645053
1993-07-30,0.08822241523888112
1993-08-02,-0.043849886525201054
1993-08-03,-0.012589740211956801
1993-08-04,0.02117399068091537
1993-08-05,-0.001458961102164934
1993-08-06,0.007296990414457769
1993-08-09,0.034183212024383
1993-08-10,-0.026544609442859947
1993-08-11,0.023999776622131926
1993-08-12,0.0378032414026776
1993-08-13,0.03242251491139755
1993-08-16,0.07777123769707134
1993-08-17,-0.0498206108045476
1993-08-18,-0.02724357374438305
1993-08-19,0.021478148172677833
1993-08-20,-0.02294557732112506
1993-08-23,-0.05796912421332377
1993-08-24,0.0013537176154237525
1993-08-25,0.018784054709836955
1993-08-26,-0.008252080915908623
1993-08-27,-0.010364285157794376
1993-08-30,0.0052178103285179635
1993-08-31,-0.00400011675750839
1993-09-01,-0.0019109887636045938
1993-09-02,0.00826579877752179
1993-09-03,0.023355300426024
1993-09-06,0.02656528195744188
1993-09-07,-0.04146950111471805
1993-09-08,9.900064358497663e-05
1993-09-09,-0.008250589383542157
1993-09-10,0.002105007369277689
1993-09-13,-0.027284618279201475
1993-09-14,-0.0029842948122056905
1993-09-15,0.004734275372667577
1993-09-16,-0.006492567770628741
1993-09-17,0.007207587180386833
1993-09-20,-0.007299011572478246
1993-09-21,0.017255969948366593
1993-09-22,-0.010149849761616698
1993-09-23,0.0031496802717396358
1993-09-24,-0.009330514381998774
1993-09-27,0.005885751768796168
1993-09-28,0.019302168011943364
1993-09-29,-0.013484710600369987
1993-09-30,0.0046724058906153654
1993-10-04,0.002557746988471207
1993-10-05,-0.007523609917953506
1993-10-06,-0.0009260828489521926
1993-10-07,0.0029108817503015172
1993-10-08,-0.014594160456834607
1993-10-11,-0.0073201561425541226
1993-10-12,0.0034946581145729326
1993-10-13,-0.013540573811742602
1993-10-14,-0.005435239712226914
1993-10-15,0.002196313880847474
1993-10-18,-0.025613484112152952
1993-10-19,0.005194506709611989
1993-10-20,0.005049165736015508
1993-10-21,-0.01384187722735908
1993-10-22,-0.016280809747951704
1993-10-25,-0.04220656621555516
1993-10-26,-0.002219105616684423
1993-10-27,-0.006211558063967046
1993-10-28,0.0577563433662976
1993-10-29,-0.012003950225033982
1993-11-01,0.00231684473521627
1993-11-02,-0.0049589516000372565
1993-11-03,-0.008601246813710113
1993-11-04,-0.001801276287204589
1993-11-05,0.01251676675597827
1993-11-08,0.02737275624431994
1993-11-09,0.010884525867292731
1993-11-10,-0.015458945876422636
1993-11-11,0.017961278363324173
1993-11-12,0.020651284589057205
1993-11-15,0.027887917205728384
1993-11-16,-0.011441345958456575
1993-11-17,0.008280683975481169
1993-11-18,0.01722254863955191
1993-11-19,0.023636847310478517
1993-11-22,0.026782932916381067
1993-11-23,0.008575734522783218
1993-11-24,-0.004939366879399312
1993-11-25,0.0344996893564181
1993-11-26,-0.021823742246939164
1993-11-29,0.007810806599718762
1993-11-30,0.012227601285134379
1993-12-01,-0.01033825090588288
1993-12-02,-0.002053810539148625
1993-12-03,0.008057500323860267
1993-12-06,0.015230082027944302
1993-12-07,0.02638330289149555
1993-12-08,-0.012470572681914534
1993-12-09,-0.024838710597631684
1993-12-10,-0.006447790829779069
1993-12-13,-0.028820139734571176
1993-12-14,-0.027262252254022283
1993-12-15,0.01651867060895029
1993-12-16,-0.03519612051915044
1993-12-17,-0.00705060994122288
1993-12-20,-0.1401407431784422
1993-12-21,0.06966544452070025
1993-12-22,-0.02305206407899444
1993-12-23,0.015203077178998119
1993-12-24,0.000743334006987494
1993-12-27,0.006581918176470974
1993-12-28,-0.00039298112410086124
1993-12-29,-0.02217188125507391
1993-12-30,0.006155210371660303
1993-12-31,0.009120380322629549
1994-01-03,0.00011992564624312732
1994-01-04,-0.0014520670502125251
1994-01-05,0.01701565757965648
1994-01-06,0.02604571839287093
1994-01-07,0.011789932847392456
1994-01-10,0.023215308251784042
1994-01-11,-0.009497362260443513
1994-01-12,-0.0042138918312700805
1994-01-13,0.010551764101397318
1994-01-14,-0.055238494552077015
1994-01-17,0.011764772717753716
1994-01-18,-0.028591250733050317
1994-01-19,-0.03356052345992956
1994-01-20,-0.00607413783501076
1994-01-21,0.012714579915824985
1994-01-24,0.03186555990446148
1994-01-25,-0.02816951512641435
1994-01-26,-0.004274403117914081
1994-01-27,0.00759042522054363
1994-01-28,-0.023909264466876284
1994-01-31,-0.03697116211464915
1994-02-01,-0.01979873246442671
1994-02-02,0.022327178817785526
1994-02-03,0.010268260824078572
1994-02-04,0.022421298807952232
1994-02-14,-0.02275461505123087
1994-02-15,-0.009210006686582714
1994-02-16,0.0043128561357399665
1994-02-17,-0.00974973249736319
1994-02-18,0.0007933669738202074
1994-02-21,-0.019389025537818353
1994-02-22,0.018075076020388287
1994-02-23,-0.011074281305883008
1994-02-24,-0.0011458300288922218
1994-02-25,0.03697082675351662
1994-02-28,-0.021099345348212614
1994-03-01,-0.017916161663605643
1994-03-02,-0.0203161687941685
1994-03-03,-0.010308182654450769
1994-03-04,-0.011158767165301512
1994-03-07,-0.010936635624132664
1994-03-08,-0.00997441243488651
1994-03-09,0.006781681892381276
1994-03-10,-0.02434042426336224
1994-03-11,0.02611232407749051
1994-03-14,0.09442525653078127
1994-03-15,-0.020062421066040788
1994-03-16,0.02695119815819909
1994-03-17,-0.022715654636050676
1994-03-18,-0.014040691064310084
1994-03-21,-0.04490212069632908
1994-03-22,0.01045606529438243
1994-03-23,-0.019256050695116902
1994-03-24,-0.0012555968838477878
1994-03-25,-0.007274774868891765
1994-03-28,-0.023669910639675624
1994-03-29,0.006642373656595079
1994-03-30,-0.0008066513793136855
1994-03-31,-0.002665156099818785
1994-04-01,-0.008009734263931662
1994-04-04,-0.006402456518202456
1994-04-05,-0.016890600734227
1994-04-06,-0.004418388240362107
1994-04-07,-0.003581301495461285
1994-04-08,0.002271119428299448
1994-04-11,-0.029600785887815673
1994-04-12,0.009904509274125966
1994-04-13,-0.01333958074524617
1994-04-14,-0.032039991094126356
1994-04-15,-0.014712785290958878
1994-04-18,-0.036789044828952
1994-04-19,-0.053408109998639555
1994-04-20,-0.058400916208091076
1994-04-21,0.07519552127825521
1994-04-22,-0.028491261077109212
1994-04-25,-0.009353409747352142
1994-04-26,0.033180892633935456
1994-04-27,0.03188129664371226
1994-04-28,0.0018862733343586971
1994-04-29,-0.011860664627352725
1994-05-03,0.022048242367726883
1994-05-04,0.022541453059372236
1994-05-05,-0.04744580208119098
1994-05-06,-0.00861759265730883
1994-05-09,-0.00702358347691717
1994-05-10,0.02324500623748916
1994-05-11,-0.007079317591767034
1994-05-12,-0.015375215523607193
1994-05-13,0.014038011434611126
1994-05-16,0.0036856740173708343
1994-05-17,-0.0009285913936827887
1994-05-18,-0.014804497251765695
1994-05-19,0.012301451701920532
1994-05-20,0.006212248615555033
1994-05-23,-0.011118088583977047
1994-05-24,0.004770361560086075
1994-05-25,-0.006286016519387152
1994-05-26,-0.01597670169174386
1994-05-27,-0.007125384242154334
1994-05-30,-0.052086717830756094
1994-05-31,0.02180873699203832
1994-06-01,-0.020358277272578572
1994-06-02,0.0028031494221483918
1994-06-03,0.003962281392865216
1994-06-06,-0.01058889460049135
1994-06-07,-0.024629995989953718
1994-06-08,0.007147455473907044
1994-06-09,-0.01999006520792035
1994-06-10,-0.01630816642896655
1994-06-13,-0.044733607392829146
1994-06-14,-0.0026048570865567842
1994-06-15,0.010862843173644374
1994-06-16,0.020450202438412887
1994-06-17,0.0415642736670764
1994-06-20,-0.049355825688691395
1994-06-21,-0.008715697351310905
1994-06-22,0.014174172015129246
1994-06-23,-0.00952700703054753
1994-06-24,-0.016238571020637086
1994-06-27,-0.04195839580740506
1994-06-28,-0.004564521485930665
1994-06-29,-0.003730751009500025
1994-06-30,0.0023253591849783455
1994-07-01,-0.023544196009056044
1994-07-04,-0.04413448292384277
1994-07-05,0.01140356274461588
1994-07-06,-0.027191731525938772
1994-07-07,-0.013361669717112695
1994-07-08,0.027255574355506792
1994-07-11,-0.022174369693760188
1994-07-12,0.00247270817415135
1994-07-13,0.019404644256152917
1994-07-14,-0.01338843582179836
1994-07-15,-0.04226564067699061
1994-07-18,-0.036835716165849366
1994-07-19,0.0038026664455970576
1994-07-20,-0.016642922069335434
1994-07-21,-0.033484032129570414
1994-07-22,-0.046125039328335934
1994-07-25,0.03155365138885084
1994-07-26,0.03497097794837067
1994-07-27,-0.046464895426891875
1994-07-28,-0.08808493018582007
1994-07-29,-0.017485194551841204
1994-08-01,0.28861000786222507
1994-08-02,-0.029674821896795378
1994-08-03,0.18970659312161806
1994-08-04,0.07332779649948751
1994-08-05,0.1936824040942259
1994-08-08,0.04124355006644026
1994-08-09,-0.13553234957245694
1994-08-10,0.17392599765128106
1994-08-11,-0.07049952389719484
1994-08-12,0.0005076252674326801
1994-08-15,-0.03508924839934385
1994-08-16,0.03993495497441148
1994-08-17,0.04518239664630468
1994-08-18,0.03192453522113128
1994-08-19,-0.04747850473242819
1994-08-22,-0.04593649653142658
1994-08-23,0.047000579630303047
1994-08-24,-0.01253255110038467
1994-08-25,0.023139259486569475
1994-08-26,-0.0207332347751483
1994-08-29,0.004611845222562846
1994-08-30,0.06208363328912724
1994-08-31,0.03779812015535417
1994-09-01,0.006169411260983688
1994-09-02,0.04936912187500226
1994-09-05,0.12488605621806191
1994-09-06,0.0661346143684853
1994-09-07,-0.07579188050513744
1994-09-08,0.04334829395803379
1994-09-09,-0.010664783620782641
1994-09-12,0.057973648914242976
1994-09-13,0.013148857043240817
1994-09-14,-0.058383480180054126
1994-09-15,-0.00238266519212417
1994-09-16,0.006610222221606495
1994-09-19,-0.053899261807124184
1994-09-20,-0.014364989878803644
1994-09-21,0.0580383948760274
1994-09-22,-0.05361899254002246
1994-09-23,-0.05688817108730967
1994-09-26,0.014815085785140682
1994-09-27,-0.011937882741470476
1994-09-28,0.04739095937936464
1994-09-29,-0.08340495951289245
1994-09-30,-0.05916402728166294
1994-10-05,-0.1132776217052538
1994-10-06,-0.06721283749735833
1994-10-07,0.1109873502183911
1994-10-10,-0.05443388002312857
1994-10-11,0.008746494505764701
1994-10-12,0.008389405738535693
1994-10-13,-0.1124632492973565
1994-10-14,0.04368232745156224
1994-10-17,-0.07410681323798027
1994-10-18,0.013184595355151098
1994-10-19,0.044425307120765915
1994-10-20,0.09643878762439977
1994-10-21,-0.008772843859944762
1994-10-24,0.09769132896379788
1994-10-25,-0.05402621909220614
1994-10-26,-0.08141029473433074
1994-10-27,0.024909017005226616
1994-10-28,-0.03790268840858794
1994-10-31,-0.03373104847451604
1994-11-01,0.02831378884522774
1994-11-02,-0.008839918929962456
1994-11-03,0.07149923591060264
1994-11-04,-0.07313264778107835
1994-11-07,0.011778523575789825
1994-11-08,0.05060457253240415
1994-11-09,0.01983882029549042
1994-11-10,-0.01703870308429012
1994-11-11,0.02700394186629511
1994-11-14,0.003045306371783546
1994-11-15,-0.038870074461044804
1994-11-16,0.0016996449001874735
1994-11-17,-0.013477907399145563
1994-11-18,0.0023496049434630706
1994-11-21,0.0004149051142925265
1994-11-22,-0.009644412838954753
1994-11-23,-0.018630276451501962
1994-11-24,-0.002342318197086338
1994-11-25,0.010723688051491766
1994-11-28,-0.005618896567264612
1994-11-29,0.008867520945332623
1994-11-30,-0.00579077576319976
1994-12-01,-0.0018888788753785558
1994-12-02,-0.006454908054994109
1994-12-05,-0.02204348637001184
1994-12-06,-0.013894279446538114
1994-12-07,-0.0017293760957862421
1994-12-08,-0.013866082686956528
1994-12-09,-0.0049668074048664634
1994-12-12,-0.03203724839273578
1994-12-13,0.025789919192164855
1994-12-14,-0.01817958126061082
1994-12-15,0.06422257737293255
1994-12-16,0.020120805601632864
1994-12-19,-0.04028739184498095
1994-12-20,0.02205476471264725
1994-12-21,0.0067591516722516915
1994-12-22,0.0015007989740730622
1994-12-23,0.006452972100609681
1994-12-26,-0.002895726397759695
1994-12-27,-0.022443265238199114
1994-12-28,-0.017230885613941753
1994-12-29,-0.006998058915116502
1994-12-30,0.0043467232167933335
1995-01-03,-0.012409400168589954
1995-01-04,0.021536130597052887
1995-01-05,-0.01064052477976383
1995-01-06,-0.009521292757401363
1995-01-09,-0.023304600733184227
1995-01-10,-0.02539973154964936
1995-01-11,0.004626345679861816
1995-01-12,-0.018120224238007725
1995-01-13,-0.007133601370268492
1995-01-16,-0.015219608655937543
1995-01-17,-0.0014786490903150084
1995-01-18,0.009648173151835346
1995-01-19,-0.037623713986703056
1995-01-20,-0.0008399244561821159
1995-01-23,-0.03165609139587371
1995-01-24,-0.010663037789535017
1995-01-25,0.014864232201859544
1995-01-26,-0.004797642850774134
1995-01-27,0.0169942245295314
1995-02-06,-0.0526797644057204
1995-02-07,-0.0023072388096967975
1995-02-08,0.0023634464783111636
1995-02-09,0.03608121974949506
1995-02-10,-0.02188734905786498
1995-02-13,0.013685524818510122
1995-02-14,-0.001330963321507912
1995-02-15,-0.009661379518296579
1995-02-16,-0.008268561088894299
1995-02-17,-0.008599756393948542
1995-02-20,0.002245678015395903
1995-02-21,0.01148604765994852
1995-02-22,0.09427815501136627
1995-02-23,-0.009309308045993146
1995-02-24,-0.0535175974376478
1995-02-27,0.00507279823203978
1995-02-28,-0.02163015542103072
1995-03-01,0.013921506318722687
1995-03-02,0.0069600660281036765
1995-03-03,0.028769986242834927
1995-03-06,0.06551038163413009
1995-03-07,0.026673371026095277
1995-03-08,-0.019382152007597474
1995-03-09,-0.024821887549327352
1995-03-10,-0.03238864172727271
1995-03-13,-0.00010234367013326315
1995-03-14,0.003422823848005012
1995-03-15,-0.026947635223952146
1995-03-16,0.012633792918681901
1995-03-17,0.023249726298573622
1995-03-20,-0.013690129586536684
1995-03-21,0.01104138956291163
1995-03-22,0.03608403753740605
1995-03-23,-0.004196506897475551
1995-03-24,0.0010466923843815837
1995-03-27,0.028347035139029687
1995-03-28,-0.004474850409693128
1995-03-29,0.016776527046994068
1995-03-30,0.0
1995-03-31,0.015217532593289418
1995-04-03,0.015278714148955787
1995-04-04,0.004980876482353734
1995-04-05,-0.015971511996401587
1995-04-06,0.014303859512462607
1995-04-07,0.022000016931237265
1995-04-10,-0.00944001164329579
1995-04-11,-0.04022032856151489
1995-04-12,0.005692880628246609
1995-04-13,-0.018755931423242573
1995-04-14,0.011439471070295179
1995-04-17,-0.013812852352422498
1995-04-18,-0.009134518231992836
1995-04-19,0.00953047316165741
1995-04-20,0.021446569273137834
1995-04-21,-0.01437750630498384
1995-04-24,-0.025898940628539723
1995-04-25,0.00017748090110087742
1995-04-26,-0.029486366816524476
1995-04-27,-0.04854843076530914
1995-04-28,0.011480823964912587
1995-05-02,0.0002586184616271989
1995-05-03,0.0005170363591732908
1995-05-04,-0.015943650397135887
1995-05-05,0.005186108692716724
1995-05-08,-0.004643538823537606
1995-05-09,0.01215656573917739
1995-05-10,-0.023365058570950583
1995-05-11,0.005153558882330089
1995-05-12,0.029111258604126482
1995-05-15,-0.004867857817799479
1995-05-16,-0.00542707107970035
1995-05-17,0.00695511265130377
1995-05-18,0.2699277328468216
1995-05-19,0.11412216673770939
1995-05-22,0.047475591011717874
1995-05-23,-0.17905085334760712
1995-05-24,-0.011218227457206263
1995-05-25,-0.06268471952895813
1995-05-26,0.04320875433123674
1995-05-29,-0.023683323023540644
1995-05-30,0.0005768189300261291
1995-05-31,-0.014863788610585942
1995-06-01,0.011581332698927978
1995-06-02,0.011434789165604468
1995-06-05,-0.03575917402059894
1995-06-06,-0.0036356565753371305
1995-06-07,0.03887852870136053
1995-06-08,-0.029059380598811527
1995-06-09,0.009567124561618984
1995-06-12,-0.005566115388168433
1995-06-13,0.0003291191798867224
1995-06-14,-0.014018685531769711
1995-06-15,-0.0634460950214569
1995-06-16,-0.0004793604495723275
1995-06-19,-0.01179321330520497
1995-06-20,0.0026570403715901977
1995-06-21,0.017254213434535703
1995-06-22,-0.011324834830799824
1995-06-23,0.00875945072867161
1995-06-26,0.005001774853838568
1995-06-27,-0.005324834384212314
1995-06-28,-0.003529678364205742
1995-06-29,-0.005760491633073438
1995-06-30,-0.020934464003672496
1995-07-03,-0.02798150010209355
1995-07-04,0.012060447692508473
1995-07-05,0.024526753666761412
1995-07-06,0.0027319847420981275
1995-07-07,0.044482439644529685
1995-07-10,-0.0008101904390606985
1995-07-11,-0.025924534038378525
1995-07-12,-0.0004313997447693638
1995-07-13,0.01109538913889417
1995-07-14,-0.005118617692398452
1995-07-17,0.063288314403242
1995-07-18,0.028380551343159113
1995-07-19,-0.0348287896075591
1995-07-20,-0.0009845940793093495
1995-07-21,0.004711467967042297
1995-07-24,0.02331453395412731
1995-07-25,-0.008970700412815474
1995-07-26,-0.017868117167155053
1995-07-27,0.009504406099305418
1995-07-28,-0.003301896564091993
1995-07-31,0.00018691991973730925
1995-08-01,0.02813892731933791
1995-08-02,-0.021775777597840187
1995-08-03,0.004916535843669528
1995-08-04,0.009113356595617354
1995-08-07,0.011485041787858082
1995-08-08,-0.007758966934660416
1995-08-09,0.006895180431254216
1995-08-10,0.02435736307285035
1995-08-11,0.013296235447014604
1995-08-14,0.0409492364548586
1995-08-15,-0.032275436526441034
1995-08-16,0.021302331390974545
1995-08-17,0.0023290471197881307
1995-08-18,-0.015744850037257736
1995-08-21,-0.024552015421819645
1995-08-22,0.0010818706597107042
1995-08-23,-0.013567141253679065
1995-08-24,0.005410810200392652
1995-08-25,-0.008580689421598613
1995-08-28,-0.0026974968187353007
1995-08-29,-0.004890525738182667
1995-08-30,-0.008832935208300946
1995-08-31,0.01130881738180681
1995-09-01,0.006842410929480894
1995-09-04,0.012340532819002254
1995-09-05,0.002220087278635512
1995-09-06,0.01904589876207931
1995-09-07,0.00011939585710559616
1995-09-08,-0.0036679731738904326
1995-09-11,0.031931335280851535
1995-09-12,-0.015281558343768818
1995-09-13,-0.0006680333217189647
1995-09-14,-0.006639039444941347
1995-09-15,-0.0029060955950512557
1995-09-18,0.0019427361677127812
1995-09-19,-0.027656467067218027
1995-09-20,-0.014492214700869597
1995-09-21,0.006903157152254282
1995-09-22,-0.0015877581731126072
1995-09-25,-0.009165033603149124
1995-09-26,0.0075884705945210365
1995-09-27,-0.028388069437322513
1995-09-28,0.0038460231256367576
1995-09-29,0.015680906121270172
1995-10-04,-0.006443482320472061
1995-10-05,0.009829076754572343
1995-10-06,-0.006810469002526752
1995-10-09,-0.019169736886310105
1995-10-10,0.003307610512757814
1995-10-11,0.003184177622730078
1995-10-12,-0.00917132953840528
1995-10-13,-0.0020179347182145957
1995-10-16,-0.0023356510561024367
1995-10-17,0.0015102514731729988
1995-10-18,0.020335671142586324
1995-10-19,-0.01978058605087085
1995-10-20,0.03289125668945917
1995-10-23,-0.004415688362673508
1995-10-24,0.0006635975524511333
1995-10-25,0.0496604682091136
1995-10-26,-0.03880155350175221
1995-10-27,-0.01251873499796879
1995-10-30,0.0005674151624402971
1995-10-31,-0.007582843083468582
1995-11-01,0.008426450731500062
1995-11-02,-0.002338955733495889
1995-11-03,0.00840300496696449
1995-11-06,0.011421357266225325
1995-11-07,-0.008814115895772722
1995-11-08,-0.025089777884031477
1995-11-09,-0.0005763243319184603
1995-11-10,-0.0034367199098263523
1995-11-13,-0.028711201739215993
1995-11-14,0.00024681141555484845
1995-11-15,0.004822357235036552
1995-11-16,-0.014200320094535214
1995-11-17,-0.009200509466379542
1995-11-20,-0.00214667015585311
1995-11-21,0.005439133690732755
1995-11-22,-0.022509036829310644
1995-11-23,-0.00749044502722974
1995-11-24,0.0015177503786236689
1995-11-27,-0.021988006355244893
1995-11-28,0.011621585794233225
1995-11-29,-0.01696894274035179
1995-11-30,-0.0007016285866248533
1995-12-01,-0.011498616829050849
1995-12-04,0.0017497817237877723
1995-12-05,0.003615958158804191
1995-12-06,-0.013890319328103171
1995-12-07,0.005411552003597604
1995-12-08,0.00778802946344685
1995-12-11,-0.027899010195889213
1995-12-12,0.01632120540637146
1995-12-13,-0.02517728002663257
1995-12-14,0.0015465389106662211
1995-12-15,-0.017823618952501293
1995-12-18,-0.019648968731829926
1995-12-19,-0.0001351123123150023
1995-12-20,0.015053506961249357
1995-12-21,-0.006024365930115964
1995-12-22,-0.005353843966448137
1995-12-25,-0.024203451823592077
1995-12-26,-0.013556293521872794
1995-12-27,-0.003185663718789918
1995-12-28,-0.02409584118473747
1995-12-29,-0.0027515281137487717
1996-01-02,-0.03187360452615428
1996-01-03,0.00842371382728423
1996-01-04,0.029679433756620334
1996-01-05,-0.04089582142751165
1996-01-08,0.005206698636213068
1996-01-09,0.03543853659728672
1996-01-10,-0.01988784090849711
1996-01-11,-0.0036221981319214864
1996-01-12,0.002690461471931118
1996-01-15,0.007157522702460669
1996-01-16,-0.005970166986503796
1996-01-17,-0.01926202567482451
1996-01-18,-0.03731450781636877
1996-01-19,0.01129543100328529
1996-01-22,-0.01355829110105652
1996-01-23,0.006061443572601562
1996-01-24,0.005814471923733317
1996-01-25,-0.0024137942754256696
1996-01-26,0.008023425471088351
1996-01-29,0.006769659212303917
1996-01-30,0.006461297214993075
1996-01-31,0.008935306944024881
1996-02-01,-0.0012476375648915459
1996-02-02,-0.0011932285702432918
1996-02-05,-0.02491416910742969
1996-02-06,-0.004139760976619659
1996-02-07,0.006909184510508955
1996-02-08,-0.0046646869014110625
1996-02-09,0.006779557510860801
1996-02-12,0.0006849445652971626
1996-02-13,0.007220384806020605
1996-02-14,-0.0006233295442798282
1996-02-15,0.014499939852458645
1996-02-16,0.02928864667260807
1996-03-04,0.08497472562553515
1996-03-05,-0.025097192910274915
1996-03-06,-0.047726103357987534
1996-03-07,0.017059304965015298
1996-03-08,0.006652336210672325
1996-03-11,-0.008779903060074442
1996-03-12,-0.007491201110202673
1996-03-13,-0.0012066580588919597
1996-03-14,-0.001599289545676837
1996-03-15,0.0001600441013828993
1996-03-18,0.00969695988669899
1996-03-19,-0.002327181459662367
1996-03-20,0.005491907978859502
1996-03-21,0.0001579737240324371
1996-03-22,0.0007368809218111776
1996-03-25,0.00010522439111094584
1996-03-26,-0.011854499534548481
1996-03-27,-0.0020783934578105317
1996-03-28,-0.014887545543133002
1996-03-29,0.004232600899355315
1996-04-01,0.01746022371190459
1996-04-02,-0.01598752229630699
1996-04-03,0.006743065641460989
1996-04-04,0.003931794741068766
1996-04-05,0.033763637255207875
1996-04-08,-0.0019760984512991104
1996-04-09,-0.0057096192023686565
1996-04-10,0.0030227419400364565
1996-04-11,0.006121064503663701
1996-04-12,0.006117899356118283
1996-04-15,-0.003909088903696479
1996-04-16,0.01051459258298216
1996-04-17,0.004272825125508035
1996-04-18,0.011561209817256139
1996-04-19,0.02928640033770537
1996-04-22,-0.006736546346890604
1996-04-23,0.01583564366133814
1996-04-24,0.06347887563366632
1996-04-25,-0.018188944652005965
1996-04-26,0.08082145280229147
1996-04-29,0.04289048584411998
1996-04-30,-0.08098635314960993
1996-05-02,-0.04003259939986627
1996-05-03,-0.006730728300729762
1996-05-06,0.03215243810400624
1996-05-07,-0.01519046951266135
1996-05-08,0.00016636041265498568
1996-05-09,-0.006630428563380341
1996-05-10,0.006932831154251041
1996-05-13,0.006990191014611704
1996-05-14,-0.001036401826113552
1996-05-15,0.02468454869795265
1996-05-16,0.001509014079909114
1996-05-17,0.04136760895299804
1996-05-20,-0.012508908627338798
1996-05-21,-0.0604317391849178
1996-05-22,0.010176942630396538
1996-05-23,-0.03958451357925446
1996-05-24,-0.004475745695504365
1996-05-27,-0.0028800420608641655
1996-05-28,0.013931595815681702
1996-05-29,0.005626349169746639
1996-05-30,-0.022069089502942778
1996-05-31,0.011390659168604338
1996-06-03,-0.003985247424694568
1996-06-04,0.016122892960320774
1996-06-05,0.06744962258605122
1996-06-06,0.00810230138154118
1996-06-07,0.03454937397687935
1996-06-10,0.0496840865388652
1996-06-11,-0.015996121249834683
1996-06-12,0.004655088212340227
1996-06-13,0.016937660977114286
1996-06-14,0.011125887749581365
1996-06-17,-0.0330643218639678
1996-06-18,0.053792827524731385
1996-06-19,0.0042125974763233065
1996-06-20,-0.004174793866073896
1996-06-21,0.0031704121668459035
1996-06-24,-0.003485485928219298
1996-06-25,-0.016124975335917918
1996-06-26,0.026308158391258968
1996-06-27,0.0062192349323237535
1996-06-28,-0.002744133191976199
1996-07-01,-0.05511913343516442
1996-07-02,-0.0018542511707344712
1996-07-03,0.03418539164185905
1996-07-04,-0.000890834643656739
1996-07-05,-6.3661423108845e-05
1996-07-08,0.02757721596081881
1996-07-09,0.012640557245258865
1996-07-10,0.0029798637147099407
1996-07-11,-0.034715542261929425
1996-07-12,0.005464356868289796
1996-07-15,-0.009145039988709453
1996-07-16,0.0420843126724617
1996-07-17,-0.017266845256567114
1996-07-18,0.01112467912003084
1996-07-19,0.04644499981902306
1996-07-22,0.0321636111177487
1996-07-23,-0.015338405139806877
1996-07-24,0.018339750098779636
1996-07-25,-0.022145161587871942
1996-07-26,-0.02689740036179951
1996-07-29,0.01211394728515703
1996-07-30,-0.02185214142091743
1996-07-31,-0.01741626873854401
1996-08-01,0.015239286466844283
1996-08-02,0.004504216122915294
1996-08-05,0.016914597122945477
1996-08-06,0.010528192570968068
1996-08-07,0.005839888466792965
1996-08-08,0.010015743951462252
1996-08-09,-0.00503548786592659
1996-08-12,0.016442779350889006
1996-08-13,-0.01276666249980595
1996-08-14,-0.003618752732323693
1996-08-15,-0.006699382746992581
1996-08-16,-0.013909627065392258
1996-08-19,-0.021604993083783837
1996-08-20,-0.015898432642654788
1996-08-21,0.013490135437976575
1996-08-22,-0.018658861593079244
1996-08-23,-0.017893182807685242
1996-08-26,-0.03884402192590664
1996-08-27,0.018455673974344698
1996-08-28,0.011828631077532209
1996-08-29,-0.010229848856505831
1996-08-30,0.02653611389171341
1996-09-02,-0.006391222706736852
1996-09-03,-0.005682258279695756
1996-09-04,0.014638280537864937
1996-09-05,0.002902117137705637
1996-09-06,-0.016279040613019744
1996-09-09,-0.009581091840088353
1996-09-10,-0.03741033407819792
1996-09-11,0.006259393195528523
1996-09-12,-0.015933877474929695
1996-09-13,0.02861876389979203
1996-09-16,-0.001001695260210431
1996-09-17,-0.0023283197098971243
1996-09-18,-0.02045295204344584
1996-09-19,0.010903066449547869
1996-09-20,0.0462918599182182
1996-09-23,0.056061929690007284
1996-09-24,-0.0024325622632741122
1996-09-25,-0.017494956926457295
1996-09-26,0.02305645854851355
1996-09-27,0.024125688242458098
1996-10-03,-0.011533596737978337
1996-10-04,-0.002348247124358323
1996-10-07,0.0013887926681878003
1996-10-08,0.014865937530629305
1996-10-09,-0.0041104863712769345
1996-10-10,0.03384815650564317
1996-10-11,0.006383739340226144
1996-10-14,0.0333962347526241
1996-10-15,-0.003727215083352114
1996-10-16,-0.0036447824355818883
1996-10-17,0.019553162447380878
1996-10-18,-0.013095708358560137
1996-10-21,0.025690372705763236
1996-10-22,0.01244825076677758
1996-10-23,0.03458302665682657
1996-10-24,-0.002892895604603589
1996-10-25,0.0047115271906059165
1996-10-28,0.010012218070138822
1996-10-29,-0.005234331048337148
1996-10-30,-0.05929506538912694
1996-10-31,0.018361273205326573
1996-11-01,-0.048156093035500926
1996-11-04,0.01527821563499739
1996-11-05,-0.018247843709042873
1996-11-06,-0.014085351258591061
1996-11-07,0.014203874885337186
1996-11-08,-0.009167673432389622
1996-11-11,0.015429407754401452
1996-11-12,0.009621964834817219
1996-11-13,-0.002633368834052215
1996-11-14,0.01338134039239204
1996-11-15,-0.0024789668265783864
1996-11-18,0.05509902783364947
1996-11-19,0.01115494208579671
1996-11-20,-0.0010143337042495672
1996-11-21,-0.0758762346995805
1996-11-22,0.011687758536183005
1996-11-25,0.0256395048658822
1996-11-26,-0.009217508449544123
1996-11-27,0.01313180777572064
1996-11-28,0.012427808939042499
1996-11-29,0.0398060046895185
1996-12-02,0.0937908677382858
1996-12-03,-0.010214882996629038
1996-12-04,0.04094059940638135
1996-12-05,0.03540252166590409
1996-12-06,0.00066804952648869
1996-12-09,0.028263855336467813
1996-12-10,-0.014052396168448836
1996-12-11,0.0118378046416528
1996-12-12,-0.0559674377269478
1996-12-13,-0.0586917169676591
1996-12-16,-0.1043760509109938
1996-12-17,-0.09919965638274784
1996-12-18,0.07153092898662244
1996-12-19,-0.0750265077672508
1996-12-20,-0.01922124893455219
1996-12-23,0.018766811791459094
1996-12-24,-0.04122580401082971
1996-12-25,0.033625012907073856
1996-12-26,0.03194696280284886
1996-12-27,-0.0020470171071747603
1996-12-30,0.012776491289092664
1996-12-31,-0.018571970087238376
1997-01-02,0.0026355067910605566
1997-01-03,-0.02180345298554698
1997-01-06,-0.026024631713667135
1997-01-07,0.02442265560095106
1997-01-08,-0.001961462363645712
1997-01-09,0.011722501556773185
1997-01-10,0.012512626409934289
1997-01-13,0.012035298309304466
1997-01-14,-0.023589157157930377
1997-01-15,0.009722915401516902
1997-01-16,-0.0018670879406434881
1997-01-17,0.005275619094243161
1997-01-20,0.014494649733535028
1997-01-21,-0.00447812431190317
1997-01-22,0.014245118124873788
1997-01-23,0.0035588733914772262
1997-01-24,0.00854868027993128
1997-01-27,0.005373827608666985
1997-01-28,-0.0028715098279802702
1997-01-29,0.006036267096825589
1997-01-30,-0.002008043249406464
1997-01-31,0.004748282866562654
1997-02-17,0.01813992240850289
1997-02-18,-0.09334245092946061
1997-02-19,0.07307534281459559
1997-02-20,0.0024795501792331236
1997-02-21,0.05252921536413257
1997-02-24,-0.00747034347065628
1997-02-25,0.008286032256921184
1997-02-26,0.013223123476156543
1997-02-27,-0.006038495407754699
1997-02-28,0.014495042149745849
1997-03-03,0.021661840098583313
1997-03-04,0.004795407109041056
1997-03-05,-0.015101852348783109
1997-03-06,0.025319471243848663
1997-03-07,-0.001307462457622339
1997-03-10,0.02017152990243643
1997-03-11,0.009097514101405451
1997-03-12,0.014696873045009337
1997-03-13,-0.007916455421984823
1997-03-14,0.007596733932201084
1997-03-17,0.028614906990420953
1997-03-18,0.0035758791458736588
1997-03-19,-0.001170446366246819
1997-03-20,-0.035542897912115456
1997-03-21,0.040610679454418035
1997-03-24,0.02082401755862471
1997-03-25,0.005113901928562226
1997-03-26,0.01447925343440391
1997-03-27,-0.000864350535585612
1997-03-28,-0.009590752599092717
1997-03-31,0.026219145278205683
1997-04-01,0.005178449558207699
1997-04-02,-0.005802317804509652
1997-04-03,0.009823134943007135
1997-04-04,0.011910838501239519
1997-04-07,0.012178114302687795
1997-04-08,-0.02310230456021631
1997-04-09,0.031248226339272937
1997-04-10,-0.003861820319930756
1997-04-11,-0.0026245709131659293
1997-04-14,0.029584696328881572
1997-04-15,0.006086593502521114
1997-04-16,0.002126104376814257
1997-04-17,-0.0033268612243677904
1997-04-18,0.011016869523642456
1997-04-21,0.01781456017426803
1997-04-22,0.0025077187780127375
1997-04-23,0.00972190404211884
1997-04-24,0.0010438111649692353
1997-04-25,-0.011146600623781627
1997-04-28,-0.009554798894156925
1997-04-29,0.018155198399846095
1997-04-30,0.012257780205673242
1997-05-05,0.038827396766583686
1997-05-06,0.023234967051850436
1997-05-07,0.008373531778046145
1997-05-08,-0.06226844336394138
1997-05-09,0.043210860962335354
1997-05-12,0.022355469804429467
1997-05-13,-0.02436808514313032
1997-05-14,-0.05984553210022135
1997-05-15,0.027496556899827364
1997-05-16,-0.0744786381003052
1997-05-19,0.021567967399409395
1997-05-20,0.026790756026348006
1997-05-21,-0.019181874683214643
1997-05-22,-0.09246379765717369
1997-05-23,0.015304638172290882
1997-05-26,-0.002170946890265298
1997-05-27,0.023835746668646962
1997-05-28,-0.008926076764227037
1997-05-29,-0.00552553010223995
1997-05-30,0.01713186340687221
1997-06-02,0.038990847635568454
1997-06-03,0.001854178412670732
1997-06-04,0.01661550475216929
1997-06-05,-0.0007055140623792752
1997-06-06,-0.0644723580455253
1997-06-09,-0.0002980135069227221
1997-06-10,-0.026369809721693466
1997-06-11,-0.01733494796172316
1997-06-12,-0.006271674408108265
1997-06-13,0.02540891756506121
1997-06-16,0.013961790586025381
1997-06-17,-0.0123954685915182
1997-06-18,-0.01069157811586119
1997-06-19,-0.0015750463997678303
1997-06-20,0.04795640403733849
1997-06-23,-0.005981297204489241
1997-06-24,0.015792059752932703
1997-06-25,-0.004874083267816682
1997-06-26,-0.010170301252852612
1997-06-27,-0.026978868571752912
1997-07-02,-0.04182161149481757
1997-07-03,-0.0412369889634087
1997-07-04,0.0075499501473881864
1997-07-07,-0.055435793713953865
1997-07-08,0.011647589860566663
1997-07-09,0.01001573037220596
1997-07-10,-0.0006157992867476308
1997-07-11,0.03056847259482512
1997-07-14,0.026319107507108294
1997-07-15,0.012063034246754326
1997-07-16,-0.007762676269882937
1997-07-17,0.005360012162605407
1997-07-18,0.010494095283051268
1997-07-21,-0.013589347800254305
1997-07-22,0.012257729108048097
1997-07-23,-0.007801926485097336
1997-07-24,-0.020767007881622553
1997-07-25,-0.0028655758432350317
1997-07-28,-0.025150073340977592
1997-07-29,0.009978252819771168
1997-07-30,0.022456091203729992
1997-07-31,0.008728813895262194
1997-08-01,0.0025770289466579828
1997-08-04,0.006267883930839928
1997-08-05,-0.003388136429847308
1997-08-06,-0.020547887253451445
1997-08-07,0.023027527515259823
1997-08-08,0.0056625339950489
1997-08-11,-0.0183844550685991
1997-08-12,-0.03198192684144794
1997-08-13,-0.02353942490554053
1997-08-14,0.0419423080539421
1997-08-15,-0.021678181180488365
1997-08-18,-0.007402270276001049
1997-08-19,-0.0015170628345067543
1997-08-20,0.010300633325762334
1997-08-21,0.017244569214763337
1997-08-22,0.006231883136060312
1997-08-25,0.010416362915434334
1997-08-26,0.008359522892016722
1997-08-27,0.0037366033737394463
1997-08-28,0.012750960356293289
1997-08-29,0.005889254993551657
1997-09-01,0.007189138771347138
1997-09-02,-0.0029069669558788396
1997-09-03,0.011770945597584789
1997-09-04,0.008410559505443994
1997-09-05,0.00019977226028838877
1997-09-08,0.002936039575524902
1997-09-09,-0.019467605388778828
1997-09-10,0.020112697336749114
1997-09-11,-0.01066943588077305
1997-09-12,-0.027749076908608332
1997-09-15,-0.024632839411985387
1997-09-16,0.0067018771789775925
1997-09-17,-0.016698338546912803
1997-09-18,0.004111239887518612
1997-09-19,0.010310288244787535
1997-09-22,-0.07042485566301715
1997-09-23,-0.05779962144287823
1997-09-24,0.06325587216290646
1997-09-25,0.006286448305796033
1997-09-26,-0.006628846175461795
1997-09-29,-0.023304149844711648
1997-09-30,0.012203044003162264
1997-10-06,0.001384158889285567
1997-10-07,0.00333413891607878
1997-10-08,0.02887428854169768
1997-10-09,-0.010986492709299451
1997-10-10,0.0073848892821964576
1997-10-13,-0.009748545396050782
1997-10-14,-0.0016891971394555009
1997-10-15,0.006997367779292487
1997-10-16,0.021555342521173648
1997-10-17,0.022503958095276645
1997-10-20,0.009205347888115969
1997-10-21,0.0037827250431877167
1997-10-22,-0.012112970390761025
1997-10-23,-0.003539103945831548
1997-10-24,0.004209780547803821
1997-10-27,0.04766160061870259
1997-10-28,-0.047992637914349726
1997-10-29,0.0052243758779272394
1997-10-30,-0.007834067213969583
1997-10-31,0.004704412473778196
1997-11-03,0.0003896257947680695
1997-11-04,0.0032550598375529435
1997-11-05,0.007852937268214248
1997-11-06,-0.010879374387294121
1997-11-07,0.01180019247360391
1997-11-10,-0.007862547434839605
1997-11-11,0.0007165709437839021
1997-11-12,-0.010538808667084214
1997-11-13,0.009181103906838958
1997-11-14,0.010751934370297044
1997-11-17,-0.0054412563723349365
1997-11-18,-0.006720930852690558
1997-11-19,-0.0014545580117005326
1997-11-20,-0.007816323151815565
1997-11-21,-0.011900663405181599
1997-11-24,-0.029448153757596143
1997-11-25,0.0005243349287189519
1997-11-26,0.016119502091112622
1997-11-27,-0.018797380073126486
1997-11-28,0.015127490473961445
1997-12-01,-0.005755234302398527
1997-12-02,-0.0025803501322546048
1997-12-03,-0.006765180814703369
1997-12-04,0.011795994058784402
1997-12-05,0.00029048401001780877
1997-12-08,0.0027773401107880373
1997-12-09,0.007702669306093232
1997-12-10,0.008386829789441294
1997-12-11,0.0011480314250485219
1997-12-12,-0.004608721479142864
1997-12-15,0.01222305871457225
1997-12-16,0.0057793513346378975
1997-12-17,-0.02436665278266978
1997-12-18,0.006650203368161258
1997-12-19,0.005702107080705446
1997-12-22,0.007073658764750114
1997-12-23,0.0019143177972200153
1997-12-24,-0.0013584462832934747
1997-12-25,0.009885488041516925
1997-12-26,0.008966855968228363
1997-12-29,-0.0044649500503079215
1997-12-30,-0.004620428450039053
1997-12-31,0.010912689760602107
1998-01-05,0.021843266901453568
1998-01-06,0.01071690594761313
1998-01-07,0.008435326424079643
1998-01-08,-0.005569832594389374
1998-01-09,0.002212300967700591
1998-01-12,-0.010483015651538714
1998-01-13,-0.04955453358662205
1998-01-14,0.029176665686073598
1998-01-15,0.01092807599477737
1998-01-16,-0.0012101804810308477
1998-01-19,-0.0006839466458638621
1998-01-20,-0.007787034818197899
1998-01-21,-0.002928552127981627
1998-01-22,0.0035182164101671292
1998-01-23,0.015226838479817205
1998-02-09,0.02034105625239597
1998-02-10,-0.0092814254257166
1998-02-11,0.011042637594629465
1998-02-12,-0.003156371034374657
1998-02-13,-0.00031297523337387454
1998-02-16,-0.007791671673517758
1998-02-17,0.0018264550039748552
1998-02-18,-0.007025021497138176
1998-02-19,0.0022335851001985085
1998-02-20,-0.0053363829556739625
1998-02-23,-0.014310485649342746
1998-02-24,-0.0003144628090889991
1998-02-25,-0.011278205516978716
1998-02-26,0.009994502977440398
1998-02-27,-0.00011602850999266178
1998-03-02,-0.015216341424945934
1998-03-03,0.011279982369261593
1998-03-04,0.0094905972721718
1998-03-05,-0.004717477013265549
1998-03-06,-0.0009030692538722728
1998-03-09,-0.0046691786665770466
1998-03-10,-0.0008331042778556842
1998-03-11,-0.00819296008772095
1998-03-12,-0.009345744065020875
1998-03-13,0.005067842804234751
1998-03-16,0.0029661609990383497
1998-03-17,0.012010247573742524
1998-03-18,-0.007451792070883531
1998-03-19,-0.0043565372790532984
1998-03-20,-0.001026841039295675
1998-03-23,-0.00644599400971553
1998-03-24,0.011921502331940469
1998-03-25,-0.0020707846616481703
1998-03-26,-0.0022517044322754444
1998-03-27,0.0287695390228043
1998-03-30,0.020922635754463122
1998-03-31,-0.005151548428512512
1998-04-01,0.009567765411847408
1998-04-02,0.011133281133785722
1998-04-03,0.0133538832293506
1998-04-06,0.0156611210314465
1998-04-07,-0.0024832165799980833
1998-04-08,0.014966405644976043
1998-04-09,-0.019511920457011448
1998-04-10,0.010947923234643924
1998-04-13,0.005505173089483517
1998-04-14,-0.0038215106888093825
1998-04-15,0.008330760005147467
1998-04-16,-0.0064067830925295145
1998-04-17,-0.013877424012157443
1998-04-20,-0.0016190465041936305
1998-04-21,0.007081294992026779
1998-04-22,0.020445089181678863
1998-04-23,-0.005736369306184269
1998-04-24,-0.007114393976575069
1998-04-27,-0.003648763355711273
1998-04-28,0.01710736780803143
1998-04-29,-0.00036766223510102506
1998-04-30,0.008184055096730782
1998-05-04,0.007031678814653957
1998-05-05,-0.0003030919093968389
1998-05-06,-0.0030433985126074674
1998-05-07,-0.01534996585095815
1998-05-08,0.022142280241594564
1998-05-11,-0.002204844913398324
1998-05-12,-0.0036682904468938594
1998-05-13,0.01442514834565017
1998-05-14,-0.0015567959466240696
1998-05-15,0.0007019545333970274
1998-05-18,6.578298196639948e-05
1998-05-19,-0.004314282256090377
1998-05-20,-0.003573901117004888
1998-05-21,0.006776600862592745
1998-05-22,0.006680110019297836
1998-05-25,0.009800489988635499
1998-05-26,0.0007554527859566124
1998-05-27,0.006537751425858508
1998-05-28,-0.001172500706276758
1998-05-29,0.009476381918137605
1998-06-01,0.0030918486914562277
1998-06-02,-0.001767621878157713
1998-06-03,0.004885152386787129
1998-06-04,-0.009694729719104445
1998-06-05,0.0016412606573882132
1998-06-08,-0.0034704231336366172
1998-06-09,-0.02457774666949457
1998-06-10,-0.000986139344694417
1998-06-11,-0.015184497818710816
1998-06-12,0.026152413006006573
1998-06-15,-0.013133526721247122
1998-06-16,-0.012343879675961306
1998-06-17,0.00025949665209596746
1998-06-18,0.01599516384035171
1998-06-19,0.01605928339004383
1998-06-22,0.00464144316621255
1998-06-23,-0.001000958143430286
1998-06-24,0.0027002909574915246
1998-06-25,-0.014153653569800752
1998-06-26,0.002587024415321077
1998-06-29,-0.017612074973810034
1998-06-30,-0.01646319717511646
1998-07-01,-0.017141297226726162
1998-07-02,0.011487651300903583
1998-07-03,0.002609890561158444
1998-07-06,-0.014979094667925344
1998-07-07,0.006909955970469767
1998-07-08,0.0109486033867395
1998-07-09,0.0031690311771335783
1998-07-10,0.01286331696328558
1998-07-13,-0.0013311615061062133
1998-07-14,-0.016510167744620927
1998-07-15,-0.0008158591486330048
1998-07-16,-0.007395471683304074
1998-07-17,-0.008264102934707987
1998-07-20,-0.0212553980114465
1998-07-21,0.019953894248592258
1998-07-22,-0.01061200697485998
1998-07-23,0.013091774569445056
1998-07-24,0.007983122806602566
1998-07-27,-0.0037150062358571783
1998-07-28,-0.002992596509571141
1998-07-29,-0.00457054132479195
1998-07-30,0.002557818723742092
1998-07-31,0.001230900308135905
1998-08-03,-0.011317331048186217
1998-08-04,-0.006657547436770149
1998-08-05,0.010750228486890239
1998-08-06,-0.010209190763363863
1998-08-07,-0.018002770604246834
1998-08-10,-0.029128234167421826
1998-08-11,-0.022037947883084025
1998-08-12,-0.014277498161691713
1998-08-13,0.011383452150642086
1998-08-14,-0.030480268365809374
1998-08-17,-0.08727681635755878
1998-08-18,0.0008311116362441725
1998-08-19,0.04986971086470787
1998-08-20,0.020941103291968747
1998-08-21,0.023811774100853587
1998-08-24,0.0007894167638976122
1998-08-25,0.0004411228344111382
1998-08-26,-0.016056018268733672
1998-08-27,-0.013073215585761702
1998-08-28,-0.013626943878511355
1998-08-31,0.017983414017433967
1998-09-01,-0.006183114298364391
1998-09-02,-0.005473649862396415
1998-09-03,0.009027726597338196
1998-09-04,0.014134296836176211
1998-09-07,0.012682126157211428
1998-09-08,-0.00919025385878379
1998-09-09,0.019574212493907596
1998-09-10,0.019124254527899804
1998-09-11,0.003569552414996012
1998-09-14,0.01757843458271631
1998-09-15,-0.007676959161011823
1998-09-16,0.01773423265632675
1998-09-17,-0.014836303417375277
1998-09-18,-0.021879841979887408
1998-09-21,0.01266183592433332
1998-09-22,0.00020449814182448798
1998-09-23,0.005896065586445094
1998-09-24,-0.025362425273246527
1998-09-25,0.01860718632232718
1998-09-28,0.007039783701565922
1998-09-29,0.0012510359232915254
1998-09-30,0.009011436327393473
1998-10-05,-0.006554542209606275
1998-10-06,-0.014126095334271702
1998-10-07,-0.003019025429324017
1998-10-08,0.012217142745303809
1998-10-09,0.0066676647471149665
1998-10-12,0.008228444868111823
1998-10-13,-0.0024726853263094747
1998-10-14,-0.002793129273468168
1998-10-15,0.011389033143264081
1998-10-16,-0.0026173638632390936
1998-10-19,-0.004235784647403576
1998-10-20,-0.0020804139413008846
1998-10-21,-0.029225243115579672
1998-10-22,0.006815432830410555
1998-10-23,0.001101285492153477
1998-10-26,-0.007552494983410753
1998-10-27,0.007026659179952571
1998-10-28,0.007483495984279249
1998-10-29,-0.0075081513231887225
1998-10-30,0.00046013278929233546
1998-11-02,0.005047536118081338
1998-11-03,0.010884737700651523
1998-11-04,-0.0008654612761005687
1998-11-05,0.014045580992049268
1998-11-06,0.005165049981659962
1998-11-09,0.01836544742853414
1998-11-10,0.0026773777707163942
1998-11-11,-0.00027985509907602334
1998-11-12,-0.0024988433477697186
1998-11-13,-0.00037419606751191645
1998-11-16,0.008718153229726442
1998-11-17,-0.0024300220134683913
1998-11-18,-0.0039594787957951405
1998-11-19,-0.007723252152667153
1998-11-20,-0.00018816298105682962
1998-11-23,-0.0012396241917556157
1998-11-24,0.004019263375814487
1998-11-25,-0.011853353977499013
1998-11-26,-0.008765607429566283
1998-11-27,-0.00619722548668766
1998-11-30,0.0018776334503303252
1998-12-01,-0.010524801195938653
1998-12-02,0.0021122237583600877
1998-12-03,-0.003612100401083651
1998-12-04,-0.010857834541812045
1998-12-07,-0.007954783911994664
1998-12-08,0.01127930405922835
1998-12-09,0.0006782847012657848
1998-12-10,-0.016016943679069074
1998-12-11,0.007912892436080343
1998-12-14,-0.014860199361034105
1998-12-15,-0.0012211749888652835
1998-12-16,-0.00990798298348972
1998-12-17,-0.019606713906850762
1998-12-18,-0.003601024612296843
1998-12-21,-0.0012898480373770378
1998-12-22,0.026954289480153194
1998-12-23,-0.01141425505941927
1998-12-24,-0.0030151763828618412
1998-12-25,0.0042084837755121795
1998-12-28,-0.011971777836623107
1998-12-29,-0.014948143206820568
1998-12-30,0.004827616654916323
1998-12-31,-0.0013595010285770365
1999-01-04,-0.01837659302734496
1999-01-05,-0.005209759800802918
1999-01-06,0.011205146182164689
1999-01-07,0.004528003789807254
1999-01-08,0.02695108799551613
1999-01-11,0.003416441515438031
1999-01-12,-0.011957186310375267
1999-01-13,-0.009293441023782413
1999-01-14,0.0004440942075154187
1999-01-15,-0.009930220665882008
1999-01-18,0.013805487269617975
1999-01-19,0.004697911022626835
1999-01-20,-0.006216685533594778
1999-01-21,0.006173527207267943
1999-01-22,0.00331775300563799
1999-01-25,-0.012317995844672105
1999-01-26,-0.008668969100824276
1999-01-27,0.007248248129354242
1999-01-28,-0.004817558837262807
1999-01-29,-0.0055456824834947994
1999-02-01,-0.012540072096884677
1999-02-02,0.00522491875949367
1999-02-03,-0.008496576276827213
1999-02-04,-0.012043183430159714
1999-02-05,-0.020193460344746995
1999-02-08,-0.014549030418664222
1999-02-09,0.0225158056885326
1999-03-01,0.007211866345421844
1999-03-02,0.0026740658983163447
1999-03-03,0.024955772468603695
1999-03-04,0.00018603085508262128
1999-03-05,0.0030159532171811147
1999-03-08,0.008573478412429471
1999-03-09,-0.004536985909369307
1999-03-10,-0.0037009664745712273
1999-03-11,0.015061594504444236
1999-03-12,0.007597616063565416
1999-03-15,0.00511333936693122
1999-03-16,0.0019643422555248474
1999-03-17,-0.006732526730773571
1999-03-18,-0.006152960232094528
1999-03-19,0.018014010165854008
1999-03-22,-0.00016200062277784148
1999-03-23,-0.0015275060678219651
1999-03-24,-0.001641040035284087
1999-03-25,-0.010473550948883859
1999-03-26,0.003684262376135718
1999-03-29,0.007182699795173538
1999-03-30,-0.010296610093074417
1999-03-31,0.00046640986179513193
1999-04-01,0.008983318885191749
1999-04-02,0.01351544224852369
1999-04-05,0.008466255112113115
1999-04-06,0.004285595535304346
1999-04-07,0.0016908005344052485
1999-04-08,0.0006988062345019154
1999-04-09,0.0022179681049361495
1999-04-12,-0.008165079022440454
1999-04-13,-0.014451301198029606
1999-04-14,0.0028223825898276234
1999-04-15,-0.009268222151461178
1999-04-16,-0.0037486243326908548
1999-04-19,-0.0058218944942500985
1999-04-20,0.010407331813925502
1999-04-21,-0.023778256074605365
1999-04-22,-0.006058153832605453
1999-04-23,0.0024943363421735653
1999-04-26,-0.02415788716044751
1999-04-27,-0.0191342609418698
1999-04-28,-0.0005589177299510264
1999-04-29,0.022940983428729713
1999-04-30,0.004040517891225528
1999-05-04,-0.00821435269790157
1999-05-05,0.0046395050668217325
1999-05-06,0.01005731925690611
1999-05-07,-0.006651988102787484
1999-05-10,-0.044528419408022345
1999-05-11,0.021658831358376793
1999-05-12,0.0041905864368409545
1999-05-13,-0.01017890242820597
1999-05-14,-0.023772807245178662
1999-05-17,0.002142012430958881
1999-05-18,-0.005354223468442219
1999-05-19,0.04539360017491633
1999-05-20,0.03422879347648441
1999-05-21,0.018140480097264048
1999-05-24,0.03772321509769988
1999-05-25,-0.008905353199482682
1999-05-26,0.027193816551390367
1999-05-27,0.03729586268480774
1999-05-28,-0.004585641020903753
1999-05-31,0.0017054704346608272
1999-06-01,0.02490363829330355
1999-06-02,-0.018203863304419015
1999-06-03,-0.015343088272469704
1999-06-04,0.013516788275052118
1999-06-07,0.03134899337124964
1999-06-08,0.0053530742528257475
1999-06-09,0.011162386382154535
1999-06-10,0.011603692358051157
1999-06-11,0.004417246115585993
1999-06-14,0.04097639119948637
1999-06-15,-0.028503332661430993
1999-06-16,0.05098443789830727
1999-06-17,0.027585347556325388
1999-06-18,-0.0013933660706343764
1999-06-21,0.03119126673957225
1999-06-22,0.011591816957297224
1999-06-23,0.026529967093225346
1999-06-24,0.0292052002576888
1999-06-25,-0.03710435268076623
1999-06-28,0.0604378583274896
1999-06-29,0.026834381660098963
1999-06-30,-0.029039793200867
1999-07-01,-0.07919909060196488
1999-07-02,0.03323222212211943
1999-07-05,-0.019848242610835364
1999-07-06,-0.04167659711291203
1999-07-07,0.03331589111240916
1999-07-08,0.005936508421751449
1999-07-09,0.004274780914150695
1999-07-12,-0.015913936823309084
1999-07-13,-0.02263635905275755
1999-07-14,0.022501711300690768
1999-07-15,-0.006549047808530325
1999-07-16,-0.019289766202796276
1999-07-19,-0.027118994727859395
1999-07-20,0.06258099890065283
1999-07-21,0.02211488784176791
1999-07-22,-0.03739037180740417
1999-07-23,0.02247672499007275
1999-07-26,0.010069062269921271
1999-07-27,-0.007091117619653066
1999-07-28,0.004071638763994942
1999-07-29,-0.0008393203251205002
1999-07-30,0.003502937288894982
1999-08-02,0.009211499245883173
1999-08-03,0.006512270480574378
1999-08-04,0.013608393230907956
1999-08-05,0.0026705681288081862
1999-08-06,-0.004211961513499538
1999-08-09,-0.010838377714075047
1999-08-10,-0.016521627807625665
1999-08-11,-0.01177204346648073
1999-08-12,-0.004912894808730898
1999-08-13,-0.002376460194410217
1999-08-16,-0.007554386702446721
1999-08-17,0.01041941783660518
1999-08-18,0.0034955106926755977
1999-08-19,0.034671622094293385
1999-08-20,-0.005393885124504268
1999-08-23,0.009817026668656885
1999-08-24,0.002107200784573857
1999-08-25,-0.013866035295999208
1999-08-26,0.007634841008099952
1999-08-27,-0.0026465956593689347
1999-08-30,-0.009136414055328085
1999-08-31,0.00497819989579002
1999-09-01,-0.01708924120756591
1999-09-02,0.007728490193248257
1999-09-03,-0.015044738976495796
1999-09-06,-0.0172844671826347
1999-09-07,0.0013510616852157543
1999-09-08,0.0056215232952972405
1999-09-09,0.06379059579975635
1999-09-10,-0.009109371697294382
1999-09-13,0.006132022445629641
1999-09-14,0.001645214443359593
1999-09-15,-0.006049741297273658
1999-09-16,-0.01045256183336528
1999-09-17,0.0018518130286189032
1999-09-20,-0.008969107164833477
1999-09-21,-0.005062245618463895
1999-09-22,-0.005261141150341676
1999-09-23,-0.007984495707272686
1999-09-24,0.009387293498793593
1999-09-27,-0.01065976463444952
1999-09-28,-0.006719735705541158
1999-09-29,-0.004080122019148347
1999-09-30,-0.00903148122349211
1999-10-08,-0.023303751312711323
1999-10-11,-0.007877044327503411
1999-10-12,0.010012239389308437
1999-10-13,-0.01995324339826213
1999-10-14,0.0008686571174334657
1999-10-15,0.022978672198501814
1999-10-18,-0.027669087388061595
1999-10-19,-0.020703363802394507
1999-10-20,0.010099080331388885
1999-10-21,-0.01854445948263088
1999-10-22,0.026341260273490354
1999-10-25,-0.019685502479253745
1999-10-26,0.009759679492928563
1999-10-27,0.03587082996362407
1999-10-28,-0.01461018663607589
1999-10-29,-0.006604663154945728
1999-11-01,-0.007646001101204642
1999-11-02,-0.00377780538343833
1999-11-03,-0.007957789661770956
1999-11-04,-0.007379705725145169
1999-11-05,0.0002730319532602234
1999-11-08,0.004188509193319679
1999-11-09,-0.005007828794262181
1999-11-10,-0.009525907774503075
1999-11-11,-0.004312287699512869
1999-11-12,0.0044364050871390755
1999-11-15,0.0008339450562058152
1999-11-16,-0.014027966380389063
1999-11-17,0.021748475643798667
1999-11-18,0.013350553442982714
1999-11-19,-0.009475082069495986
1999-11-22,-0.0026457026199599616
1999-11-23,0.0012555357805203008
1999-11-24,-0.008113676439846096
1999-11-25,-0.0071339675131183045
1999-11-26,0.00018693206458577554
1999-11-29,-0.006277841991837758
1999-11-30,-0.00034837864930605596
1999-12-01,0.00843143134153482
1999-12-02,-0.007825330605761044
1999-12-03,0.0009676061554020452
1999-12-06,-0.0071433114661839945
1999-12-07,0.00088258167857912
1999-12-08,-0.0023903751511143434
1999-12-09,-0.005715145870873449
1999-12-10,0.00858151151116527
1999-12-13,-0.008313324173646233
1999-12-14,0.003627569247765481
1999-12-15,0.02004716810311212
1999-12-16,-0.011220071066330944
1999-12-17,-0.010734332792499865
1999-12-21,-0.01708714598661649
1999-12-22,-0.005742000174551913
1999-12-23,-0.013094272265297526
1999-12-24,-0.010342021766940875
1999-12-27,-0.00742027753746483
1999-12-28,0.0025759339007906026
1999-12-29,0.005994658994134228
1999-12-30,0.00708647325230359
2000-01-04,0.028700648266031616
2000-01-05,0.0023508116150935065
2000-01-06,0.03776870281437332
2000-01-07,0.03533955619198652
2000-01-10,0.018624117941598645
2000-01-11,-0.04320167714822693
2000-01-12,-0.02862626067009143
2000-01-13,-0.009488413381346171
2000-01-14,-0.011004985258387577
2000-01-17,0.01722663967906299
2000-01-18,-0.004692398337078529
2000-01-19,0.00983497851933137
2000-01-20,0.01798107312111048
2000-01-21,-0.001207387721498197
2000-01-24,0.008326499372897476
2000-01-25,-0.0005619784497141586
2000-01-26,0.0031173633844082103
2000-01-27,0.017169728558282745
2000-01-28,0.018562094144113857
2000-02-14,0.086649748091866
2000-02-15,-0.001955385555812222
2000-02-16,0.013342330885067298
2000-02-17,-0.031474569683290474
2000-02-18,0.016586754538478674
2000-02-21,0.005410702450203633
2000-02-22,-0.027106024931404776
2000-02-23,-0.023154088707865023
2000-02-24,0.024390848799384315
2000-02-25,-0.0016718264459998607
2000-02-28,0.04393412544741345
2000-02-29,0.005685156739116253
2000-03-01,-0.009870197820627032
2000-03-02,0.008954102190870108
2000-03-03,0.014494477220291109
2000-03-06,-0.03330414170377837
2000-03-07,0.008122347217193897
2000-03-08,0.01825923396819082
2000-03-09,0.0036548945086111928
2000-03-10,-0.01588443242837691
2000-03-13,0.013879364193942346
2000-03-14,-0.02550054264457981
2000-03-15,-0.00230484654222629
2000-03-16,-0.044969571350893515
2000-03-17,0.031275033560031404
2000-03-20,0.024213104209644284
2000-03-21,0.006493510265404954
2000-03-22,0.005905397003710419
2000-03-23,0.015451515565558484
2000-03-24,-0.009627015986022353
2000-03-27,0.0259025835169853
2000-03-28,0.00870679810419164
2000-03-29,-0.0014691714115290942
2000-03-30,0.012317540915077212
2000-03-31,-0.005953700700975124
2000-04-03,0.0004276316768072148
2000-04-04,-0.022636288518952503
2000-04-05,0.00595150529736896
2000-04-06,0.021194311270066896
2000-04-07,0.005929960281921788
2000-04-10,0.0033790858162746256
2000-04-11,-0.002681488653076444
2000-04-12,-0.007628533618641701
2000-04-13,0.013311984822612552
2000-04-14,0.0011568201834657526
2000-04-17,-0.02128097550941509
2000-04-18,0.010220232175376369
2000-04-19,0.008352120508184227
2000-04-20,0.00996814339168517
2000-04-21,-0.003237450937661839
2000-04-24,-0.00198996384779845
2000-04-25,-0.0021411826087423757
2000-04-26,-0.00037640641426344503
2000-04-27,-0.014260011231086554
2000-04-28,0.01618964034908446
2000-05-08,0.0001742463848285095
2000-05-09,-0.016469048808137977
2000-05-10,-0.03031701592916382
2000-05-11,-0.016475576456620077
2000-05-12,-0.001997295026834077
2000-05-15,-0.009354266504380784
2000-05-16,0.011635735644865723
2000-05-17,0.0004985594055628123
2000-05-18,0.019025011671941858
2000-05-19,0.010909600139841687
2000-05-22,0.026043991659695776
2000-05-23,0.004014422288963708
2000-05-24,0.012696878700292218
2000-05-25,0.013495235844818704
2000-05-26,-0.0005744192141606373
2000-05-29,0.010126146176110804
2000-05-30,-0.01127064909442671
2000-05-31,0.009056217482744374
2000-06-01,0.004707700030021478
2000-06-02,0.006681107857702198
2000-06-05,-0.00899532713183919
2000-06-06,0.01383162380998648
2000-06-07,0.004916382355496204
2000-06-08,-0.005087777538672306
2000-06-09,-0.012765463469268953
2000-06-12,0.00617306954587642
2000-06-13,0.013559512180938248
2000-06-14,-0.003296342910814614
2000-06-15,0.005161861261865705
2000-06-16,-0.007934436841553134
2000-06-19,-0.006105975271160861
2000-06-20,-0.010423759144741742
2000-06-21,0.009337126189117672
2000-06-22,0.00040240082277392345
2000-06-23,0.01335418817417517
2000-06-26,0.004634460120597679
2000-06-27,-0.002949991089733202
2000-06-28,0.0023545268667235987
2000-06-29,-0.005261625528672751
2000-06-30,-0.004734355102232878
2000-07-03,-0.016983736115879198
2000-07-04,0.0064623723351907875
2000-07-05,0.000660183617891792
2000-07-06,-0.003483976722657177
2000-07-07,0.015769463286620333
2000-07-10,0.00784891720417568
2000-07-11,0.00640647339245032
2000-07-12,0.006522795635718852
2000-07-13,0.0029499815198270178
2000-07-14,0.00402885788215532
2000-07-17,-0.002372994334646193
2000-07-18,0.005789070278340199
2000-07-19,0.002224215804168899
2000-07-20,-0.0034436210561955257
2000-07-21,0.002397252834399112
2000-07-24,-0.003562847821670519
2000-07-25,0.0036830605984298137
2000-07-26,0.007852568475640509
2000-07-27,1.4908054573669977e-05
2000-07-28,0.00021862593686309582
2000-07-31,0.005326633559441147
2000-08-01,0.0022755946231534075
2000-08-02,0.0012466648406912174
2000-08-03,0.002763723242901204
2000-08-04,-0.004893355503229028
2000-08-07,0.006424373634721975
2000-08-08,0.005135314292776453
2000-08-09,0.005477866340674107
2000-08-10,0.002306694310123845
2000-08-11,-0.0015840685769675457
2000-08-14,0.00658620346135837
2000-08-15,0.0002504141477815361
2000-08-16,0.003196895247042478
2000-08-17,0.0038897693629175636
2000-08-18,-0.0006743556213919607
2000-08-21,0.008816714928184338
2000-08-22,-0.016250336681367734
2000-08-23,-0.00812080095259542
2000-08-24,0.006413072828481679
2000-08-25,0.007475033964358913
2000-08-28,0.006634386893398363
2000-08-29,0.0023252119927597726
2000-08-30,-0.014033069233939661
2000-08-31,-0.026819005973803857
2000-09-01,-0.010614216325785577
2000-09-04,0.005356006879351694
2000-09-05,-0.023556905417340266
2000-09-06,-0.019477696259703588
2000-09-07,0.01276919353679276
2000-09-08,0.0044245935962527435
2000-09-11,0.00647616950520166
2000-09-12,0.003573655964411993
2000-09-13,0.004959637589518302
2000-09-14,-0.004752494172275238
2000-09-15,-0.0005457384532380955
2000-09-18,-0.01614228540384426
2000-09-19,-0.02265090735611549
2000-09-20,0.010006775542654708
2000-09-21,-0.007823311261313994
2000-09-22,-0.008069972650892905
2000-09-25,-0.008530024729712754
2000-09-26,0.006334146276791738
2000-09-27,0.013814292572469406
2000-09-28,-0.01304121675136046
2000-09-29,0.01098591106608789
2000-10-09,0.002713365373096113
2000-10-10,0.013895233288423825
2000-10-11,-0.0043448265920106866
2000-10-12,-0.0038393332222349903
2000-10-13,-0.004245053819462697
2000-10-16,-0.00803465223612318
2000-10-17,0.0035044497214360014
2000-10-18,0.0069722697474249576
2000-10-19,-0.004916243639343844
2000-10-20,0.017633742594302587
2000-10-23,0.005877551222922807
2000-10-24,-0.0013281299841568933
2000-10-25,0.010631609779548511
2000-10-26,-0.004856888774510928
2000-10-27,-0.00013214470881315747
2000-10-30,0.0031311954818900958
2000-10-31,-0.006246732402678232
2000-11-01,0.008160201680029787
2000-11-02,0.003483426970380975
2000-11-03,-0.0013263103038842696
2000-11-06,0.00480266730626038
2000-11-07,0.0029637080553653315
2000-11-08,0.007895322547758994
2000-11-09,0.009675286023825221
2000-11-10,0.007343278241707338
2000-11-13,0.011330176447654173
2000-11-14,0.006896230569058858
2000-11-15,-0.0015406659587053082
2000-11-16,0.006735482835809259
2000-11-17,-0.0013081195977861428
2000-11-20,0.0038859256981894747
2000-11-21,-0.0016240534887392885
2000-11-22,0.007275729745767491
2000-11-23,0.0029011960605498984
2000-11-24,-0.031669556985780514
2000-11-27,-0.0018035412781422782
2000-11-28,0.014400585979136135
2000-11-29,-0.005739242646023499
2000-11-30,0.0015031019405183856
2000-12-01,0.005408868200022343
2000-12-04,0.0049353475133941576
2000-12-05,-0.00022467559567807672
2000-12-06,-0.007698067915015555
2000-12-07,-0.0002842914536563919
2000-12-08,-0.0009064173032719257
2000-12-11,-0.013148245852737581
2000-12-12,0.006318943934356578
2000-12-13,-0.0014239997351825128
2000-12-14,-0.0024542279556672574
2000-12-15,-0.00573045054899936
2000-12-18,0.00254168323690584
2000-12-19,0.0021887940573155277
2000-12-20,0.010795435278831087
2000-12-21,0.002709636773202838
2000-12-22,-0.003434092497177654
2000-12-25,-0.0007733316963217197
2000-12-26,0.003908856353779473
2000-12-27,-0.008721765962027157
2000-12-28,-0.0022082043243899937
2000-12-29,0.009585310766983416
2001-01-02,0.014360006871463864
2001-01-03,0.009665659289706566
2001-01-04,-0.003060377602861546
2001-01-05,0.0037193251933058885
2001-01-08,-0.010995152591550659
2001-01-09,-0.00043776171235827317
2001-01-10,0.011583469948618306
2001-01-11,-0.003053178523084826
2001-01-12,-0.006813650768496654
2001-01-15,-0.034959653526743115
2001-01-16,0.006595860934375882
2001-01-17,-0.005543493256075625
2001-01-18,0.004183747387486517
2001-01-19,0.010952425532208269
2001-02-05,-0.028271440349965773
2001-02-06,-0.006349703475454615
2001-02-07,-0.007737897264472932
2001-02-08,-0.025474002070912827
2001-02-09,0.013804819564256714
2001-02-12,0.002169369870663279
2001-02-13,0.0011771451770134168
2001-02-14,-0.00016807878350521286
2001-02-15,-0.00855318181122224
2001-02-16,-0.0023248408286304376
2001-02-19,0.013091341612469982
2001-02-20,-0.0073098211873845265
2001-02-21,-0.02272689758108785
2001-02-22,-0.001084738053064757
2001-02-23,0.015137100513100604
2001-02-26,0.009426855450503348
2001-02-27,0.0037531352059945837
2001-02-28,-0.0014587299397369883
2001-03-01,0.003027293803445473
2001-03-02,0.01012101606199635
2001-03-05,-0.0004585179872284512
2001-03-06,0.0029489788019799574
2001-03-07,0.0005626387907012776
2001-03-08,0.004869651513963828
2001-03-09,0.00536317253392673
2001-03-12,0.00044232284821653427
2001-03-13,-0.006905605504094295
2001-03-14,0.009917140412111163
2001-03-15,0.001969702855462803
2001-03-16,-0.0011674962492039878
2001-03-19,0.008075254759196772
2001-03-20,0.004492451969548313
2001-03-21,0.010019100488202393
2001-03-22,0.01017842544341662
2001-03-23,-0.016416415733931076
2001-03-26,0.017541514897238028
2001-03-27,0.008281877345208624
2001-03-28,-0.00018509158526844376
2001-03-29,-0.002475925162244602
2001-03-30,0.005277107186564336
2001-04-02,0.005804832881910684
2001-04-03,-0.000955714704830114
2001-04-04,-0.015345229763041927
2001-04-05,0.010410912148225907
2001-04-06,-0.0018904537742937505
2001-04-09,0.0041457898745024535
2001-04-10,0.0052333574463250595
2001-04-11,0.001370930851260341
2001-04-12,0.0015939246729339985
2001-04-13,0.004953049703539117
2001-04-16,0.010506743290007167
2001-04-17,0.003968021704542057
2001-04-18,-0.0018945844480313095
2001-04-19,0.00014267863043516995
2001-04-20,-0.009493251973062146
2001-04-23,-0.0008878002428453612
2001-04-24,0.007292809044624776
2001-04-25,-0.021931409779267157
2001-04-26,-0.006685251116524067
2001-04-27,0.004762850310990039
2001-04-30,0.0019224008055340868
2001-05-08,0.008836913915844386
2001-05-09,-0.002388267721932921
2001-05-10,0.006724057323806536
2001-05-11,0.0037790357545862594
2001-05-14,0.010641834857330336
2001-05-15,0.005762649456963434
2001-05-16,0.003849163289947225
2001-05-17,-0.002212027773996363
2001-05-18,0.003965425999218642
2001-05-21,0.0046321429812164515
2001-05-22,-0.0014737996401772767
2001-05-23,-0.005780494051474717
2001-05-24,0.000318478585007324
2001-05-25,-0.0021494220321165497
2001-05-28,-0.006347659699488084
2001-05-29,0.00026605626788283053
2001-05-30,0.014082045671001072
2001-05-31,0.0013829073080180128
2001-06-01,0.002404232243955403
2001-06-04,0.0032341016455808874
2001-06-05,0.003680157993823926
2001-06-06,0.001569244916291268
2001-06-07,-0.0038896186504567944
2001-06-08,-0.003027256583276883
2001-06-11,-0.003808292247809242
2001-06-12,0.00375880990062644
2001-06-13,0.00871599872604126
2001-06-14,-0.01800796499774751
2001-06-15,0.003883658415964111
2001-06-18,-0.019787701831912512
2001-06-19,0.0012908878950805061
2001-06-20,-0.003382895391265818
2001-06-21,0.011961716699290597
2001-06-22,0.007699311335434566
2001-06-25,0.010878615580272333
2001-06-26,0.0015188889494060027
2001-06-27,-0.0016848071162563266
2001-06-28,-0.004756048415982332
2001-06-29,-0.000549886430759906
2001-07-02,-0.005443026806064036
2001-07-03,0.0026438394510164332
2001-07-04,-0.004426941294811468
2001-07-05,-0.009307230964349643
2001-07-06,-0.005119284739552005
2001-07-09,-0.00039629693296383924
2001-07-10,0.009235175570864045
2001-07-11,-0.00965929506827808
2001-07-12,-0.001499689960672594
2001-07-13,-0.0019182640744264013
2001-07-16,-0.007010925787058693
2001-07-17,-0.0024538057945595873
2001-07-18,0.002593575361361852
2001-07-19,0.0017361721541994486
2001-07-20,0.01355713403006555
2001-07-23,-0.004879707426644872
2001-07-24,-0.015125269187089913
2001-07-25,-0.011387108738875782
2001-07-26,-0.00867757634156146
2001-07-27,-0.01359721314750514
2001-07-30,-0.05416296817148439
2001-07-31,-0.018828867848130034
2001-08-01,0.03409889514168865
2001-08-02,-0.015167825874914127
2001-08-03,0.0008529743526731432
2001-08-06,-0.03987176820922274
2001-08-07,0.011516056758216896
2001-08-08,-0.004611626714210307
2001-08-09,0.015404413768562867
2001-08-10,0.015697695544269464
2001-08-13,3.068943823215028e-05
2001-08-14,-0.007990511466959676
2001-08-15,0.004023777586762068
2001-08-16,-0.01433173138823142
2001-08-17,0.002263474487636527
2001-08-20,0.00543737360716371
2001-08-21,0.002261603293739742
2001-08-22,-0.018437300051151347
2001-08-23,-0.00024169565380740537
2001-08-24,-0.008544061011489931
2001-08-27,-0.032070168049605496
2001-08-28,0.008794163425750432
2001-08-29,0.0022487566812953103
2001-08-30,-0.004290560041730138
2001-08-31,-0.0029887576449788757
2001-09-03,-0.009284354882335723
2001-09-04,0.024553148744737945
2001-09-05,0.003168368315265206
2001-09-06,-0.003598023094265224
2001-09-07,-0.028729090036191944
2001-09-10,0.026023398098330396
2001-09-11,0.0038975296024979563
2001-09-12,-0.006016625708949371
2001-09-13,-0.006878835519879289
2001-09-14,-0.011765227502358554
2001-09-17,-0.018746090850755903
2001-09-18,0.007819800231470716
2001-09-19,0.013293727671053884
2001-09-20,-0.002345439691451218
2001-09-21,-0.006288912558406996
2001-09-24,-0.006696342048077991
2001-09-25,-0.0006018658020985623
2001-09-26,-0.014639379390074052
2001-09-27,-0.001630462835090012
2001-09-28,-3.399626041467269e-05
2001-10-08,-0.021963419390148366
2001-10-09,0.010434616754362417
2001-10-10,-0.033827633416988016
2001-10-11,-0.029043166887978932
2001-10-12,0.03183777133439286
2001-10-15,-0.0023974367801252528
2001-10-16,-0.01877309722892043
2001-10-17,-0.007778224527867072
2001-10-18,-0.016872417809745407
2001-10-19,-0.027059112744134774
2001-10-22,-0.033483885371826796
2001-10-23,0.09400787234693547
2001-10-24,0.02803684772317725
2001-10-25,-0.024487460358694153
2001-10-26,0.0008228048568474496
2001-10-29,0.013379472368263406
2001-10-30,-0.010469319004411707
2001-10-31,0.003796038888760896
2001-11-01,0.01093943059621552
2001-11-02,-0.009649688010938242
2001-11-05,-0.006989218346069182
2001-11-06,-0.004948008364157263
2001-11-07,-0.04731185240398007
2001-11-08,0.007387718292742974
2001-11-09,0.015135183531221369
2001-11-12,-0.0056342335566244885
2001-11-13,-0.0032559734429969504
2001-11-14,0.0007237792727415889
2001-11-15,0.002618546227646797
2001-11-16,0.015556753257997344
2001-11-19,0.013948034908376393
2001-11-20,0.01771165892318489
2001-11-21,0.0034827176880802523
2001-11-22,0.005933139717800549
2001-11-23,-0.0018959452880171661
2001-11-26,-0.0039023583579987846
2001-11-27,0.00974200349903583
2001-11-28,0.007178441220955519
2001-11-29,-0.0015574080960643847
2001-11-30,0.009016551090422915
2001-12-03,0.008300741284862473
2001-12-04,0.004031441602586665
2001-12-05,-0.013912387154183144
2001-12-06,0.003403494294787943
2001-12-07,-0.003300361344865026
2001-12-10,0.0018717325281670126
2001-12-11,-0.011387417591902652
2001-12-12,-0.007961598942893923
2001-12-13,-0.01596188074290687
2001-12-14,-0.007432723781764761
2001-12-17,-0.005728067854714403
2001-12-18,0.012734162885896702
2001-12-19,-0.008684604240425007
2001-12-20,-0.024914733269778305
2001-12-21,0.005257249980260687
2001-12-24,-0.02097272395959405
2001-12-25,0.0031517430597349525
2001-12-26,0.013850030780279554
2001-12-27,-0.003507527602932088
2001-12-28,0.00707599206325251
2001-12-31,0.003950757699303005
2002-01-04,-0.02123271552844018
2002-01-07,-0.009120584396809078
2002-01-08,-0.00836424998249222
2002-01-09,-0.014061494531160807
2002-01-10,0.009618308639830108
2002-01-11,-0.02625446827650764
2002-01-14,-0.03342582842538412
2002-01-15,-0.01729216263141749
2002-01-16,0.013588617097636955
2002-01-17,-0.04146651175185185
2002-01-18,-0.0028783494771454344
2002-01-21,-0.03484382518847357
2002-01-22,-0.006075611389528738
2002-01-23,0.061560639275743484
2002-01-24,0.007885997798789719
2002-01-25,-0.0033839117809891365
2002-01-28,-0.0654299628967769
2002-01-29,0.02414798716389816
2002-01-30,0.0027389616245243496
2002-01-31,0.06585558626328604
2002-02-01,-0.003963141304177502
2002-02-04,0.017056901467882957
2002-02-05,0.0045880573351755605
2002-02-06,-0.02162476745639581
2002-02-07,0.019719483840016844
2002-02-08,-0.005810737726321615
2002-02-25,0.015588631347374567
2002-02-26,0.0007512142260899591
2002-02-27,0.004488972437466096
2002-02-28,-0.008893242464470267
2002-03-01,-0.014640660026692816
2002-03-04,0.016017032519906063
2002-03-05,0.02156306010891075
2002-03-06,0.005835206009080736
2002-03-07,0.027523491136142775
2002-03-08,0.01675896671280472
2002-03-11,0.014423661618977773
2002-03-12,-0.012334713098267874
2002-03-13,-0.012402519468504429
2002-03-14,0.025374014556546944
2002-03-15,-0.026884304850128472
2002-03-18,0.001787442769249484
2002-03-19,0.02522296889351616
2002-03-20,0.01024540977822125
2002-03-21,0.0014907071145983809
2002-03-22,-0.009139452715084246
2002-03-25,0.003348304164368427
2002-03-26,-0.015526197892706947
2002-03-27,0.002875557039254229
2002-03-28,-0.002154377667664178
2002-03-29,-0.028736867953825566
2002-04-01,0.002863886505525684
2002-04-02,-0.01606231205717771
2002-04-03,0.007320506414015893
2002-04-04,0.029165811311544138
2002-04-05,-0.004309693699299917
2002-04-08,0.003669908157955523
2002-04-09,0.016244987961721774
2002-04-10,0.006062472606407529
2002-04-11,-0.01690956649451489
2002-04-12,0.005712556829940993
2002-04-15,-0.005730743994047401
2002-04-16,-0.005599156214551616
2002-04-17,0.0025025205696389365
2002-04-18,-0.009937317072608032
2002-04-19,0.004308515510325487
2002-04-22,-0.0047139682407065005
2002-04-23,-0.0018019518840949875
2002-04-24,-0.008344714018075584
2002-04-25,0.0030183135865714415
2002-04-26,0.015151479313961295
2002-04-29,0.015255558385748352
2002-04-30,0.0011639209847801519
2002-05-08,-0.009264791642139147
2002-05-09,-0.0010838796683209295
2002-05-10,-0.007528663197663134
2002-05-13,-0.008742782855199638
2002-05-14,-0.004759018540076554
2002-05-15,-0.01112442956248727
2002-05-16,-0.03103954889593533
2002-05-17,0.01154969527927279
2002-05-20,-0.016706563806832234
2002-05-21,0.029769200229225485
2002-05-22,-0.014984737659432295
2002-05-23,0.0045406793362488896
2002-05-24,-0.014187634650131689
2002-05-27,0.0035947624810767453
2002-05-28,0.002228953539922065
2002-05-29,-0.021866840861574487
2002-05-30,-0.0008463651094243957
2002-05-31,-0.005126275929424552
2002-06-03,-0.021594127692619893
2002-06-04,0.004815299869511102
2002-06-05,-0.01931298194389667
2002-06-06,0.03973357751190307
2002-06-07,0.0054084838322995665
2002-06-10,-0.008061118768127176
2002-06-11,0.009008685716010554
2002-06-12,-0.004005503097366331
2002-06-13,-0.008648026102533105
2002-06-14,-0.01161705169754658
2002-06-17,0.0013308857703810625
2002-06-18,0.01842909347554628
2002-06-19,-0.01081897522104695
2002-06-20,0.005608814169408946
2002-06-21,0.030253665800514046
2002-06-24,0.0884911397622967
2002-06-25,-0.00042180498003762035
2002-06-26,0.0036964510578975413
2002-06-27,0.006192438730764706
2002-06-28,0.005329395684343383
2002-07-01,-0.011060737287628292
2002-07-02,0.0065432888713222405
2002-07-03,0.003454994510007639
2002-07-04,-0.010325115100922762
2002-07-05,0.005268792771460414
2002-07-08,0.006216880797990239
2002-07-09,-0.0016979893883636817
2002-07-10,-0.01641736151958749
2002-07-11,-0.0028716375110308516
2002-07-12,0.0008011216130446671
2002-07-15,-0.006118900210257402
2002-07-16,0.002177799154008858
2002-07-17,0.005952854606779719
2002-07-18,0.0018728191393826037
2002-07-19,0.005235813141025093
2002-07-22,-0.01935333331076516
2002-07-23,-0.004262466697945169
2002-07-24,-0.0008726160505423301
2002-07-25,-0.004368533184066177
2002-07-26,-1.201129061330971e-05
2002-07-29,0.00034826886708291534
2002-07-30,0.001997199787021659
2002-07-31,-0.010486184403032589
2002-08-01,0.0008594081506985215
2002-08-02,0.005345605933388786
2002-08-05,-0.004771061848542004
2002-08-06,0.010022402502475112
2002-08-07,-0.0015335405020581725
2002-08-08,-0.004964161330417096
2002-08-09,-0.007711304220429354
2002-08-12,-0.007606036144221056
2002-08-13,0.0012594768111469869
2002-08-14,0.006146181042480641
2002-08-15,-0.007528021678139154
2002-08-16,0.007570529519323991
2002-08-19,-0.0015131767743291813
2002-08-20,0.016316921358408842
2002-08-21,0.0013154356287092136
2002-08-22,0.007476981905380804
2002-08-23,-0.0017214160222977246
2002-08-26,-0.007465969859615619
2002-08-27,0.0053725378304023096
2002-08-28,-0.001739928815868976
2002-08-29,-0.005651776809098608
2002-08-30,-0.00041992358008021417
2002-09-02,0.001289204739346211
2002-09-03,0.0031709590892470625
2002-09-04,-0.006051473812235159
2002-09-05,-0.013407021600994119
2002-09-06,-0.006373009389247901
2002-09-09,-0.0060252998182843505
2002-09-10,0.0021745232165572385
2002-09-11,0.013829146252095829
2002-09-12,-0.014167642164143153
2002-09-13,0.0007383888691094516
2002-09-16,-0.013425015243122772
2002-09-17,0.0004986039193843746
2002-09-18,-0.006438608754458462
2002-09-19,0.015414455483026935
2002-09-20,-0.008957153916888644
2002-09-23,-0.0014466097612376206
2002-09-24,-0.003663282543325176
2002-09-25,0.0006949292359664297
2002-09-26,-0.006397781664820848
2002-09-27,-0.00380529729328388
2002-10-08,-0.011848984750457068
2002-10-09,-0.017829259127818752
2002-10-10,-0.00323572097642603
2002-10-11,-0.00416440823675173
2002-10-14,0.00499390709068518
2002-10-15,-0.004547827011915304
2002-10-16,0.008268828219652885
2002-10-17,-0.015925646948255642
2002-10-18,0.0042471310016723544
2002-10-21,0.0035408498894579253
2002-10-22,0.015079865197764355
2002-10-23,0.0005553654253417158
2002-10-24,-0.008063618889777179
2002-10-25,-0.010605857667678487
2002-10-28,-0.011637462094738255
2002-10-29,0.005415463195191622
2002-10-30,-0.0007746831304567216
2002-10-31,-0.001464929782961943
2002-11-01,0.002160185847280251
2002-11-04,0.013856791755523314
2002-11-05,0.017087352008744904
2002-11-06,-0.0036517978090495158
2002-11-07,0.0010814987535403481
2002-11-08,-0.0208365927846375
2002-11-11,-0.011755939776561043
2002-11-12,-0.012366768428535744
2002-11-13,0.00305741795836898
2002-11-14,-0.020100566285310616
2002-11-15,0.0019764136247658972
2002-11-18,-0.008507828387038823
2002-11-19,0.00746881754117311
2002-11-20,-0.025160519904008628
2002-11-21,-0.0250042318618363
2002-11-22,0.0034958921226176877
2002-11-25,0.0021045556347973715
2002-11-26,-0.019692939653440985
2002-11-27,0.00551290160997896
2002-11-28,0.02773862883140418
2002-11-29,0.011677336895647535
2002-12-02,-0.02721150560985546
2002-12-03,0.009384919052561776
2002-12-04,0.0039740921998212995
2002-12-05,-0.006788873069692251
2002-12-06,0.0004625659683746494
2002-12-09,-0.003320983667974168
2002-12-10,-0.012231228609797947
2002-12-11,-0.003365873255105021
2002-12-12,0.0034164558583134877
2002-12-13,0.009342669572095234
2002-12-16,0.008284011985127456
2002-12-17,0.00536710651038037
2002-12-18,-0.0030977951232125903
2002-12-19,0.0013308228996861597
2002-12-20,0.01009320420458969
2002-12-23,0.0015814484042192527
2002-12-24,0.00044040084178233966
2002-12-25,-0.0065279738192586334
2002-12-26,-0.026640488829165084
2002-12-27,-0.0008528723521399873
2002-12-30,-0.01208309085438485
2002-12-31,-0.006395005659839933
2003-01-02,-0.027646368492002107
2003-01-03,-0.0005756485673069659
2003-01-06,0.01115831584511133
2003-01-07,-0.0019649465962098506
2003-01-08,0.029593932261615035
2003-01-09,0.01827850632917077
2003-01-10,-0.009000003241953975
2003-01-13,0.001046489484462827
2003-01-14,0.05647170346221709
2003-01-15,-0.004735604745834127
2003-01-16,0.017450553841360864
2003-01-17,-0.004682395627874736
2003-01-20,0.002701463133583344
2003-01-21,-0.018920964654534446
2003-01-22,0.003869087154386517
2003-01-23,-0.006808332294896473
2003-01-24,0.019422460634758602
2003-01-27,0.011488313819793603
2003-01-28,0.002989858073491681
2003-01-29,-0.0005532503598934389
2003-02-10,-0.013181487374172806
2003-02-11,0.008469809423487231
2003-02-12,0.011926505558636356
2003-02-13,-0.004198997217690556
2003-02-14,0.004384328265804782
2003-02-17,-0.009596179336143764
2003-02-18,-3.34114046519813e-05
2003-02-19,0.009530310522297724
2003-02-20,-0.0008674664235206701
2003-02-21,-0.020493562795025767
2003-02-24,0.0020737575867439467
2003-02-25,0.01960493364209748
2003-02-26,0.0012564227994054204
2003-02-27,0.00034358812051728997
2003-02-28,-0.0011700043970440306
2003-03-03,0.008922134243717697
2003-03-04,-0.0007738263473974075
2003-03-05,-0.004681939717633366
2003-03-06,-0.012495519934240966
2003-03-07,-0.0035100305807834503
2003-03-10,-0.01632036115971656
2003-03-11,0.0004287945833393834
2003-03-12,0.0037085379531944106
2003-03-13,-0.007048463353643502
2003-03-14,0.000948582145656909
2003-03-17,0.002200790583415846
2003-03-18,-0.006404588389141857
2003-03-19,0.00687409911996274
2003-03-20,-0.003693989547277403
2003-03-21,0.0068862547572540655
2003-03-24,0.0021067399736982976
2003-03-25,-0.010455273001994945
2003-03-26,-0.0042005495746047245
2003-03-27,0.029153308715665984
2003-03-28,-0.004954394363076282
2003-03-31,0.01241639654155433
2003-04-01,0.007892877747878231
2003-04-02,-0.0008081817337460066
2003-04-03,-0.0063236886684262875
2003-04-04,0.006198789327272372
2003-04-07,-0.003952235849421341
2003-04-08,0.0035708676535362387
2003-04-09,0.015090586674621728
2003-04-10,0.004853233430243324
2003-04-11,0.016419596263558177
2003-04-14,0.024561748109635576
2003-04-15,0.009484172903221736
2003-04-16,-0.015585404934582294
2003-04-17,0.004571663696785506
2003-04-18,-0.006540928850281025
2003-04-21,-0.01976258019029811
2003-04-22,-0.0019233224627165284
2003-04-23,-0.01718654168711215
2003-04-24,-0.025198752486661948
2003-04-25,-0.010994045346798197
2003-04-28,0.033419753665273694
2003-04-29,-0.018628697549953395
2003-04-30,0.008004662059679828
2003-05-12,0.006831956512027872
2003-05-13,-0.030865706643735766
2003-05-14,0.025006039950647017
2003-05-15,0.02103247879204631
2003-05-16,-0.000540238103783553
2003-05-19,0.0006431075175828589
2003-05-20,-0.01289580694660153
2003-05-21,-0.0013294234607052673
2003-05-22,0.008202436565961313
2003-05-23,0.00955251127834357
2003-05-26,0.005468858464671058
2003-05-27,-0.0007457335782281879
2003-05-28,-0.010595743570876415
2003-05-29,0.0104809659523861
2003-05-30,0.005151994909427891
2003-06-02,0.00017127686947748062
2003-06-03,-0.009105540535234732
2003-06-04,0.007569344412597379
2003-06-05,-0.011410951964120316
2003-06-06,-0.011198209531607122
2003-06-09,-0.005675890811560825
2003-06-10,0.005571916389174916
2003-06-11,0.017445523935243637
2003-06-12,-0.0023849497389761658
2003-06-13,0.0029787038464599235
2003-06-16,-0.00452268024397222
2003-06-17,-0.0016170019693321552
2003-06-18,-0.00212146421969855
2003-06-19,-0.009784630370085848
2003-06-20,-0.0060491283530909965
2003-06-23,-0.011911362437820101
2003-06-24,0.0007077211345107171
2003-06-25,-0.006866814619658897
2003-06-26,0.008815418352021995
2003-06-27,-0.012169727579169076
2003-06-30,-0.007395099858121296
2003-07-01,-0.0008886735113854155
2003-07-02,0.010039020372225644
2003-07-03,0.003168983917758249
2003-07-04,-0.001390187100926954
2003-07-07,-0.0005792604936542675
2003-07-08,0.006995216843870136
2003-07-09,-0.005777161521363189
2003-07-10,0.018859034706764758
2003-07-11,-0.0020125595695226223
2003-07-14,-0.004878282346114713
2003-07-15,0.0026453565814738137
2003-07-16,0.002651453468782718
2003-07-17,0.006432399127710951
2003-07-18,-0.0211396604211602
2003-07-21,-0.007505737772556015
2003-07-22,0.0017299135683986567
2003-07-23,0.0024461541942896654
2003-07-24,-0.005808535492604219
2003-07-25,-0.010635891719524409
2003-07-28,-0.004925316262012686
2003-07-29,0.00468842561977713
2003-07-30,0.0015894759767734559
2003-07-31,-0.0019686177668021675
2003-08-01,0.00015573634545351027
2003-08-04,0.011705329638070071
2003-08-05,-3.345969946804496e-05
2003-08-06,-0.005408392816597675
2003-08-07,0.0007532906376480948
2003-08-08,-0.010883486277796414
2003-08-11,0.0021319363877371866
2003-08-12,0.0032975731461502467
2003-08-13,-0.009133847977041941
2003-08-14,-0.006797368842408433
2003-08-15,-0.00392278814178794
2003-08-18,-0.003529874593487034
2003-08-19,0.003191933067947803
2003-08-20,-0.005568309002231657
2003-08-21,-0.00039545573319116415
2003-08-22,-0.001534738510324759
2003-08-25,-0.011674127535398801
2003-08-26,0.0021282656353378906
2003-08-27,0.00010524210956992958
2003-08-28,-0.006807368643637782
2003-08-29,0.004433221834591683
2003-09-01,0.019389144211166543
2003-09-02,-0.0022856521466890337
2003-09-03,0.0009259387883598341
2003-09-04,-0.0002901273817703367
2003-09-05,-0.011045767681089544
2003-09-08,-0.004059839123103733
2003-09-09,-0.003977797078584789
2003-09-10,0.0021876382592525274
2003-09-11,0.0005479182755423697
2003-09-12,-0.0104479405247622
2003-09-15,-0.008280234005102579
2003-09-16,0.006106366436882488
2003-09-17,-0.011645672260293465
2003-09-18,0.0004747689187478006
2003-09-19,0.0006398619841941762
2003-09-22,-0.007162439872306016
2003-09-23,0.006299608437598904
2003-09-24,0.0029162497323369455
2003-09-25,-0.01295081843569283
2003-09-26,-0.0039677824857791266
2003-09-29,-0.011378723517995796
2003-09-30,0.008690628400444019
2003-10-08,0.0033079607359529336
2003-10-09,-0.0018388394227208259
2003-10-10,0.025127711256257183
2003-10-13,-0.0031030781015923925
2003-10-14,-0.008243017012869697
2003-10-15,-0.0036589763223897013
2003-10-16,-0.01279937141892845
2003-10-17,0.003706022684099487
2003-10-20,-0.00811702282330775
2003-10-21,0.003524491496303101
2003-10-22,0.0244083202751666
2003-10-23,-0.0081590305597965
2003-10-24,-0.003482058653195987
2003-10-27,-0.008992206094475165
2003-10-28,-0.00010223530193884075
2003-10-29,-0.005734577987997517
2003-10-30,-0.012460805992457216
2003-10-31,0.0027256573858949994
2003-11-03,0.011621007065717703
2003-11-04,0.018514406996363867
2003-11-05,-0.0032003948517904247
2003-11-06,-0.020657943122860727
2003-11-07,-0.016040522379833708
2003-11-10,0.0036631446785573276
2003-11-11,0.0026232259837230534
2003-11-12,-0.019411372963895623
2003-11-13,0.0013801473336586413
2003-11-14,0.008631866049913157
2003-11-17,-0.0040274826247779505
2003-11-18,-0.006918347517676724
2003-11-19,0.016803700312119745
2003-11-20,0.027725335759060554
2003-11-21,-0.010920209174006669
2003-11-24,0.030701326883212983
2003-11-25,0.0031360806237756894
2003-11-26,0.002474888953686826
2003-11-27,-0.016287342241633015
2003-11-28,0.005828492769855929
2003-12-01,0.025076227726127227
2003-12-02,0.0018200778382980794
2003-12-03,0.006749228839071082
2003-12-04,0.005369529506555596
2003-12-05,-0.001163940033537208
2003-12-08,0.0
2003-12-09,-0.005355014886924472
2003-12-10,0.01788710792844489
2003-12-11,0.0004082410311713033
2003-12-12,0.0005236652606567995
2003-12-15,-0.0002924026337071041
2003-12-16,-0.0027377685912425218
2003-12-17,-0.00845799866739107
2003-12-18,0.0022739070489289637
2003-12-19,-0.007583751678709802
2003-12-22,0.031759069624770694
2003-12-23,0.005130957274916572
2003-12-24,0.00874457381207585
2003-12-25,-0.0008062331507752123
2003-12-26,0.0014401894554389046
2003-12-29,-0.012187942488860385
2003-12-30,0.010145958875147536
2003-12-31,-0.009738405094121926
2004-01-02,0.01337011453464169
2004-01-05,0.0331641715832906
2004-01-06,0.003926352618159334
2004-01-07,0.008020993624983612
2004-01-08,0.014343463529785577
2004-01-09,-0.017960126827522307
2004-01-12,0.023157357177869514
2004-01-13,-0.0036147600637681443
2004-01-14,-0.012642519641305531
2004-01-15,-0.0037308428853899457
2004-01-16,0.008748314300782725
2004-01-29,0.017595761890379442
2004-01-30,-0.02367507466341527
2004-02-02,0.02062531701786221
2004-02-03,0.015520481658058603
2004-02-04,0.021521685744143742
2004-02-05,0.0048955431211232135
2004-02-06,-0.008444523617291446
2004-02-09,0.014391034475323278
2004-02-10,-0.007376585205593846
2004-02-11,-0.007866413157482651
2004-02-12,-0.008337396683594511
2004-02-13,-0.003184476425227502
2004-02-16,0.022824107158293916
2004-02-17,0.004081638319648678
2004-02-18,0.007793378566468479
2004-02-19,-4.659126647549904e-05
2004-02-20,0.00275098537152625
2004-02-23,-0.023565761157095313
2004-02-24,0.00038645045740233285
2004-02-25,-0.020975757634018436
2004-02-26,0.004554436933801433
2004-02-27,0.012114371405823797
2004-03-01,0.00873155156744291
2004-03-02,-0.001468742120805267
2004-03-03,-0.015210395093275472
2004-03-04,0.00423938089142727
2004-03-05,-0.004064887598446595
2004-03-08,-0.015131046065868032
2004-03-09,-2.4433150900492268e-05
2004-03-10,0.024717939625716688
2004-03-11,0.008054149084821815
2004-03-12,0.0018308641475260309
2004-03-15,0.024180999583205583
2004-03-16,0.005353627050849696
2004-03-17,-0.00025210276759013835
2004-03-18,-0.01608186324385013
2004-03-19,0.01766790639948489
2004-03-22,0.004464038284586546
2004-03-23,-0.008006035820698915
2004-03-24,-0.0009420577764496961
2004-03-25,-0.0020537727301933547
2004-03-26,-0.0014003627095030002
2004-03-29,-0.008327301053392881
2004-03-30,0.0026771600943065205
2004-03-31,0.010006142518440762
2004-04-01,0.009446405289742738
2004-04-02,0.0059544238534931255
2004-04-05,-0.00122767777849797
2004-04-06,0.006230268459888441
2004-04-07,-0.0016722647313404547
2004-04-08,-0.0024091434936212206
2004-04-09,-0.024549283955571488
2004-04-12,-0.0025272885110903275
2004-04-13,-0.004566443759221323
2004-04-14,-0.010538444100929082
2004-04-15,-0.010710241468797654
2004-04-16,0.008763923817033866
2004-04-19,-0.010665580738754482
2004-04-20,-0.0038681067327956094
2004-04-21,-0.010743855228085197
2004-04-22,0.003752984579500317
2004-04-23,-0.013536822070071428
2004-04-26,0.0
2004-04-27,-0.014559776318661885
2004-04-28,-0.00314416817464962
2004-04-29,-0.01716793833124703
2004-04-30,0.01016688862283619
2004-05-10,-0.022423146208356018
2004-05-11,0.005018758916017194
2004-05-12,0.02251792113933839
2004-05-13,-0.003873382865673228
2004-05-14,-0.022075029540166664
2004-05-17,-0.014652253173505854
2004-05-18,0.01000202174320024
2004-05-19,0.0018306023938410687
2004-05-20,-0.005940770847183174
2004-05-21,0.0059664396807285825
2004-05-24,-0.00513402314049122
2004-05-25,-0.021054095384920507
2004-05-26,0.004200512997966802
2004-05-27,0.021249363600935673
2004-05-28,-0.005447709792753679
2004-05-31,0.004631800152843301
2004-06-01,0.015149050542394451
2004-06-02,-0.008002000286124
2004-06-03,-0.015135632605510355
2004-06-04,-0.0009333619204826268
2004-06-07,-0.01630506435135297
2004-06-08,-0.015503671590311434
2004-06-09,-0.017381290275826158
2004-06-10,0.0001838980256578977
2004-06-11,0.0025370625189933328
2004-06-14,-0.022901842971883045
2004-06-15,0.017254400470968576
2004-06-16,0.00792056399919053
2004-06-17,-0.020487412547850792
2004-06-18,-0.01267073482067793
2004-06-21,0.00431353066961925
2004-06-22,0.011934333696558818
2004-06-23,-0.006882482440334551
2004-06-24,-0.009050151016594083
2004-06-25,-0.01883499894395255
2004-06-28,-0.011434684525239793
2004-06-29,0.01683009942176261
2004-06-30,-0.0067881379662249695
2004-07-01,0.029513836665183417
2004-07-02,8.326799113850042e-05
2004-07-05,0.002356383073706018
2004-07-06,0.004082780300112941
2004-07-07,-0.008376939844102765
2004-07-08,0.0009589394031990321
2004-07-09,-0.006361437686547547
2004-07-12,-0.023694438999088716
2004-07-13,0.0016520004758281339
2004-07-14,0.003067902892133184
2004-07-15,0.012586440181754954
2004-07-16,0.024041440500549897
2004-07-19,0.0009678516167350925
2004-07-20,-0.006608226478860855
2004-07-21,6.906125045034649e-05
2004-07-22,-0.028438466542719
2004-07-23,-2.842079834210031e-05
2004-07-26,-0.014117948894607633
2004-07-27,-0.0025542982355937793
2004-07-28,0.003375481938744809
2004-07-29,0.013247026850646314
2004-07-30,-0.01512810170775384
2004-08-02,-0.009407843485581647
2004-08-03,-0.005081267229674313
2004-08-04,0.027611407721843294
2004-08-05,-0.011075626454589217
2004-08-06,0.0010217665936613795
2004-08-09,0.0038689210628910665
2004-08-10,0.003518536716350574
2004-08-11,-0.011350827070832733
2004-08-12,-0.012175251011055018
2004-08-13,0.00018270513269539676
2004-08-16,-0.010238947163615517
2004-08-17,0.004191982445560859
2004-08-18,-0.001456728798448838
2004-08-19,-0.013169640477825997
2004-08-20,0.0009619006106687041
2004-08-23,-0.012245433558160093
2004-08-24,0.014397036736361812
2004-08-25,-0.0036134608925190146
2004-08-26,-0.004008680859859332
2004-08-27,-0.010402989454340436
2004-08-30,-0.000909084084698777
2004-08-31,0.017021079958447375
2004-09-01,-0.01546856096905212
2004-09-02,0.004884152851628715
2004-09-03,-0.0006101580197208972
2004-09-06,-0.004273994831907852
2004-09-07,0.002139280793193901
2004-09-08,-0.011360910767146673
2004-09-09,-0.019293946846707426
2004-09-10,0.0021544775949786927
2004-09-13,-0.021010429771415956
2004-09-14,0.031275492235418936
2004-09-15,0.041330032416293225
2004-09-16,0.011715087236789
2004-09-17,0.031231225621373336
2004-09-20,0.033721992189757015
2004-09-21,-0.01006952714225852
2004-09-22,-0.019807459693121022
2004-09-23,0.03094256070669658
2004-09-24,-0.020150043555149592
2004-09-27,-0.0057004094338460945
2004-09-28,0.005721306983609124
2004-09-29,-0.010912000696545153
2004-09-30,-0.016551602512305304
2004-10-08,0.018605814719960076
2004-10-11,-0.006896870868899239
2004-10-12,-0.02052552943558786
2004-10-13,0.0016455206588361407
2004-10-14,-0.03955421747317615
2004-10-15,-0.0018171856652147494
2004-10-18,0.0036535407550955692
2004-10-19,0.0016685313690253736
2004-10-20,-0.00527697799010858
2004-10-21,-0.01516804096944307
2004-10-22,0.014243204535649272
2004-10-25,-0.01378548625325578
2004-10-26,0.010341793204076041
2004-10-27,0.013510578207197222
2004-10-28,-0.0007897070299477037
2004-10-29,-0.01592653524129643
2004-11-01,-0.011615505543320368
2004-11-02,-0.0028847427958037016
2004-11-03,0.019191847212492796
2004-11-04,-0.016697898538295366
2004-11-05,0.0002682084838926888
2004-11-08,-0.0006898243520935635
2004-11-09,0.002450549919503447
2004-11-10,0.03528779022747926
2004-11-11,-0.005419305053563987
2004-11-12,0.003815822863702286
2004-11-15,0.013099549247930758
2004-11-16,0.00024813533720469523
2004-11-17,-0.0104529418350471
2004-11-18,0.0085831134458976
2004-11-19,0.00882897076930095
2004-11-22,0.0022150006522579694
2004-11-23,-0.008554073929551471
2004-11-24,-0.008878008472963474
2004-11-25,-0.0005814274575469697
2004-11-26,-0.001178611290517677
2004-11-29,-0.014327530773630725
2004-11-30,0.002494213823866838
2004-12-01,-0.004357728771709076
2004-12-02,-0.0013867912253549568
2004-12-03,0.003078319767177037
2004-12-06,0.001823045587915085
2004-12-07,-0.011932303218242549
2004-12-08,0.002030043826147015
2004-12-09,0.009282497943072718
2004-12-10,-0.015878189287213854
2004-12-13,-0.0061125024277508145
2004-12-14,-0.0016353108441767223
2004-12-15,0.004197518183198845
2004-12-16,-0.006134308999038578
2004-12-17,-0.011196375115731095
2004-12-20,-0.011715093354882748
2004-12-21,-0.00022739480148007993
2004-12-22,0.02509094975314238
2004-12-23,-0.019187629496261974
2004-12-24,0.0018070229548690802
2004-12-27,-0.0037188530800342182
2004-12-28,-0.0010393833407458363
2004-12-29,-0.0036267541956317363
2004-12-30,-0.0004709539258638765
2004-12-31,-0.005676711265505037
2005-01-04,-0.018914431255064406
2005-01-05,0.007351589002335513
2005-01-06,-0.01004275169332648
2005-01-07,0.004283110026617507
2005-01-10,0.006127003929958543
2005-01-11,0.004032102870592776
2005-01-12,-0.0004295293537987272
2005-01-13,-0.00048543110815850785
2005-01-14,-0.008545454951055468
2005-01-17,-0.023532217725367115
2005-01-18,0.007206943277771863
2005-01-19,-0.006007646283411362
2005-01-20,-0.011327262495119828
2005-01-21,0.0246766140792452
2005-01-24,0.017107064687355372
2005-01-25,-0.001235054997410971
2005-01-26,-0.009831061597260422
2005-01-27,-0.013023666060163547
2005-01-28,-0.010018283793702726
2005-01-31,-0.018167276490542776
2005-02-01,-0.002427807556048668
2005-02-02,0.052087811003844305
2005-02-03,-0.008169004186340043
2005-02-04,0.021256638941707918
2005-02-16,0.007755506163321414
2005-02-17,-0.0021526342847349475
2005-02-18,-0.013538134267794693
2005-02-21,0.020060040842739275
2005-02-22,0.01912340061115286
2005-02-23,0.00014510739882271612
2005-02-24,0.00036649334995741864
2005-02-25,0.001899031607283197
2005-02-28,-0.004918969298758443
2005-03-01,-0.001985123725698697
2005-03-02,-0.012320389278338909
2005-03-03,0.005337394874662925
2005-03-04,-0.00513546567346122
2005-03-07,0.004671801481667084
2005-03-08,0.018783022409337043
2005-03-09,-0.001123314198254546
2005-03-10,-0.023481497775692566
2005-03-11,0.002880246695513813
2005-03-14,0.0027560169799721785
2005-03-15,-0.019012216907793984
2005-03-16,-0.010733924102053831
2005-03-17,-0.009699723116152218
2005-03-18,-0.013007747545087009
2005-03-21,0.0029693527888336535
2005-03-22,-0.01979580387605727
2005-03-23,-0.004376047538537539
2005-03-24,0.005427759565784332
2005-03-25,-0.0021211200170837344
2005-03-28,-0.0045890326363100375
2005-03-29,-0.004250297614393439
2005-03-30,-0.01896500059632419
2005-03-31,0.0073668131327448575
2005-04-01,0.03520808099624845
2005-04-04,-0.016979316152031885
2005-04-05,-0.009379074979746674
2005-04-06,0.019222651137283803
2005-04-07,0.00870368883474721
2005-04-08,0.018618085814434998
2005-04-11,-0.006065517955361987
2005-04-12,-0.017444193154871928
2005-04-13,0.023253374795587416
2005-04-14,-0.011174200771183616
2005-04-15,-0.014172366988864182
2005-04-18,-0.015927847091446574
2005-04-19,0.001810121321894926
2005-04-20,-0.013179223427829533
2005-04-21,-0.009869603823468631
2005-04-22,-0.002878191375184268
2005-04-25,-0.009642729282256913
2005-04-26,0.006335836629722096
2005-04-27,-0.014321208945063944
2005-04-28,0.01756822929664543
2005-04-29,-0.008564351162005013
2005-05-09,-0.02473510152303558
2005-05-10,0.004174044950274615
2005-05-11,-0.009991985178022434
2005-05-12,-0.01820304630511674
2005-05-13,0.0032917076954622755
2005-05-16,-0.0110391026157321
2005-05-17,0.003799358589050276
2005-05-18,0.0030146213695905638
2005-05-19,0.0004622852382197805
2005-05-20,-0.003813436982852576
2005-05-23,-0.026202935921820807
2005-05-24,0.0028069343133837825
2005-05-25,-0.0015936703916785888
2005-05-26,-0.012454349370739609
2005-05-27,-0.006556717096856204
2005-05-30,0.007774255460502037
2005-05-31,0.0005469376344555492
2005-06-01,-0.020525214222655172
2005-06-02,-0.022509161010478968
2005-06-03,-0.002384589985446984
2005-06-06,0.0202544008631974
2005-06-07,-0.0033312059933767323
2005-06-08,0.07890344162280004
2005-06-09,0.013771955783818278
2005-06-10,-0.020328117890697397
2005-06-13,-0.0018062120526092078
2005-06-14,-0.011665094202438449
2005-06-15,-0.019037642777966452
2005-06-16,0.01220109167448398
2005-06-17,-0.0003683885804364919
2005-06-20,0.027268263191062778
2005-06-21,-0.012746495493333976
2005-06-22,0.0004901249008948666
2005-06-23,-0.0075874902316242585
2005-06-24,0.007451368520455014
2005-06-27,0.020445172565960117
2005-06-28,-0.014374046868647542
2005-06-29,-0.003252652421799729
2005-06-30,-0.022005252201165
2005-07-01,-0.023731180637021353
2005-07-04,-0.007903525427118118
2005-07-05,-0.007899116957362446
2005-07-06,-0.005297731669236138
2005-07-07,0.004874174164973499
2005-07-08,-0.020053380858165135
2005-07-11,-0.00638589394425312
2005-07-12,0.03369193999044673
2005-07-13,-0.00841837421073078
2005-07-14,0.002916534377838432
2005-07-15,-0.01384952430585307
2005-07-18,-0.013747573264645985
2005-07-19,0.002220633052483027
2005-07-20,0.006583496314731586
2005-07-21,-0.0004114258903691869
2005-07-22,0.02485916250919602
2005-07-25,-0.0008796589020753117
2005-07-26,0.02588178704714207
2005-07-27,0.01581374968089484
2005-07-28,-0.003087585041113038
2005-07-29,-0.0032448705173906637
2005-08-01,0.005451260748263265
2005-08-02,0.013762249868121872
2005-08-03,0.003309614458147408
2005-08-04,-0.004623835880588742
2005-08-05,0.023440008691955835
2005-08-08,0.008943356987573661
2005-08-09,0.011914202578955048
2005-08-10,0.010787311840426058
2005-08-11,0.01579690604153864
2005-08-12,-0.013319354891023228
2005-08-15,0.01621315128228832
2005-08-16,-0.008230847257603313
2005-08-17,0.01312194212327294
2005-08-18,-0.03827249456160627
2005-08-19,0.0018623113701006686
2005-08-22,0.007293927814346827
2005-08-23,-0.007485220518852509
2005-08-24,0.01482915267165182
2005-08-25,0.004556322823830658
2005-08-26,-0.0005204045622986478
2005-08-29,-0.014985514428876023
2005-08-30,-0.006988841130889527
2005-08-31,0.014213015167631531
2005-09-01,0.018852811409749717
2005-09-02,0.003302752203940855
2005-09-05,0.006180131784379116
2005-09-06,-0.01932924785968771
2005-09-07,0.017731275521809066
2005-09-08,8.372684957511447e-05
2005-09-09,-0.004018411215960844
2005-09-12,-0.0011859554007329473
2005-09-13,0.015822520400709292
2005-09-14,0.008331937889831862
2005-09-15,1.64302085817439e-05
2005-09-16,-0.0035634524978545843
2005-09-19,0.006311709905652961
2005-09-20,-0.006583810898026995
2005-09-21,-0.02052050460794232
2005-09-22,-0.023877281631499585
2005-09-23,-0.006903320753226102
2005-09-26,0.002652774396831217
2005-09-27,-0.01905418878707384
2005-09-28,-0.0012980076965584421
2005-09-29,0.020733063132974332
2005-09-30,0.00011250102777207065
2005-10-10,-0.014521557740612574
2005-10-11,0.01588786718872379
2005-10-12,0.0040189097835456565
2005-10-13,-0.007984626297906014
2005-10-14,-0.011395488384375383
2005-10-17,-0.007195321078599633
2005-10-18,0.008642213800604353
2005-10-19,-0.005791360806888943
2005-10-20,0.001180325695485348
2005-10-21,0.004716182054352884
2005-10-24,-0.0001314354062588306
2005-10-25,-0.01701254858322059
2005-10-26,-0.022316480328479486
2005-10-27,0.000564935730807644
2005-10-28,-0.015523686307057175
2005-10-31,0.010995238871508705
2005-11-01,-0.0026296876481705853
2005-11-02,0.013523448030673471
2005-11-03,-0.008654363443734353
2005-11-04,0.004354725100526325
2005-11-07,0.0005452810604506113
2005-11-08,0.008594226952244856
2005-11-09,-0.001803183105902315
2005-11-10,-0.018075112503666998
2005-11-11,0.00173514725722028
2005-11-14,-0.0014135964609082376
2005-11-15,-0.0010477171754675054
2005-11-16,0.007676139184696858
2005-11-17,-0.0005293903007902027
2005-11-18,0.019609091862433627
2005-11-21,0.002628592356367832
2005-11-22,-0.019183857043891157
2005-11-23,0.006432582366758665
2005-11-24,0.00686761414362008
2005-11-25,0.0013912015491653602
2005-11-28,-0.003684172129254327
2005-11-29,-0.012528415848568458
2005-11-30,0.0020671606678092365
2005-12-01,-0.00046405613182128275
2005-12-02,-0.004067418878646234
2005-12-05,-0.01388572522719437
2005-12-06,0.007928089186723839
2005-12-07,0.010807456385546955
2005-12-08,-0.0011738318764676168
2005-12-09,0.013708506563738905
2005-12-12,0.002592104059160669
2005-12-13,0.0013248473440191076
2005-12-14,0.006722444673913994
2005-12-15,-0.0016274264913839198
2005-12-16,0.003509445778305303
2005-12-19,0.00375344579896471
2005-12-20,0.004047463959630945
2005-12-21,-0.00492259826903375
2005-12-22,0.003954109300139342
2005-12-23,0.008447011117805076
2005-12-26,0.010383767903742057
2005-12-27,-0.0021894250041294165
2005-12-28,0.0023709406603530394
2005-12-29,0.011027706527964394
2005-12-30,-0.007550702563428721
2006-01-04,0.01699428607263135
2006-01-05,0.013716298010291514
2006-01-06,0.010096940796189726
2006-01-09,0.005154459288297457
2006-01-10,0.004063561243872027
2006-01-11,-0.007871174468057327
2006-01-12,0.012839885146370923
2006-01-13,-0.004280772500098074
2006-01-16,-0.015336496578569963
2006-01-17,0.0046199036266115915
2006-01-18,0.020403772799763065
2006-01-19,0.014672708734459024
2006-01-20,0.002975800894774336
2006-01-23,0.00036637622468868776
2006-01-24,-0.0029587354058929743
2006-01-25,0.00477270826408852
2006-02-06,0.023240416215932
2006-02-07,-0.004303960755807215
2006-02-08,0.006189370343337679
2006-02-09,-0.01610499311776782
2006-02-10,0.010352310814558221
2006-02-13,-0.002357258243318505
2006-02-14,0.005214414165779226
2006-02-15,0.009932396486560753
2006-02-16,-0.02221275856161232
2006-02-17,-0.002537392419052877
2006-02-20,0.00010256612565453628
2006-02-21,0.016338647313230637
2006-02-22,-0.0032573445317164314
2006-02-23,0.0035910309549393874
2006-02-24,0.006203321100697124
2006-02-27,0.0002467175020033948
2006-02-28,0.0014174456001956892
2006-03-01,0.005802857833512393
2006-03-02,-0.016140706700280158
2006-03-03,0.0059171081958233245
2006-03-06,-0.003369157993856792
2006-03-07,-0.02277970656101651
2006-03-08,-0.007600721768615727
2006-03-09,-0.004175438335744289
2006-03-10,0.000385415249549696
2006-03-13,0.011192299869062124
2006-03-14,-0.0005002560939041003
2006-03-15,0.012447622093485237
2006-03-16,-0.00048646529009548615
2006-03-17,-0.003719069409632617
2006-03-20,0.01482504828559401
2006-03-21,0.0015355863449749317
2006-03-22,0.004878039598116188
2006-03-23,0.004424496574094803
2006-03-24,-0.005975775918608647
2006-03-27,0.0009418595472809418
2006-03-28,0.0022121941723232496
2006-03-29,0.005206665220463347
2006-03-30,-0.008345271465343182
2006-03-31,0.0027612608268816475
2006-04-03,0.016174424433901977
2006-04-04,0.007798414168244829
2006-04-05,0.007760454833708083
2006-04-06,-0.00031344453407866857
2006-04-07,0.0024005677461744783
2006-04-10,0.011931867218235906
2006-04-11,0.0023150625300848685
2006-04-12,-0.0015427793653516476
2006-04-13,-0.020650994233450893
2006-04-14,0.020217118057844423
2006-04-17,0.01392933793939576
2006-04-18,0.004703813689402888
2006-04-19,0.008332752461405737
2006-04-20,-0.007762563236968787
2006-04-21,0.022044001209725963
2006-04-24,-0.004952992174574345
2006-04-25,-0.007132819717220321
2006-04-26,0.0125727097622385
2006-04-27,-0.0005292480214990671
2006-04-28,0.016444480545060296
2006-05-08,0.038734023777302944
2006-05-09,0.022495714599694325
2006-05-10,0.0094447945211432
2006-05-11,-0.005390743722407802
2006-05-12,0.04169114797742489
2006-05-15,0.037507610625345654
2006-05-16,-0.03102764964104222
2006-05-17,0.007349341380103707
2006-05-18,-0.0048543934362780304
2006-05-19,0.025800755503464036
2006-05-22,-0.0011214143052195077
2006-05-23,-0.03258172353776974
2006-05-24,-0.008530878187667512
2006-05-25,0.0003205178590451698
2006-05-26,0.014014430760186963
2006-05-29,0.021242633848457093
2006-05-30,0.005293690500445509
2006-05-31,-0.009695127462826789
2006-06-01,0.025796125303265
2006-06-02,-0.008820455624518631
2006-06-05,0.009075738648693495
2006-06-06,-0.003264216945202729
2006-06-07,-0.05482484483117242
2006-06-08,0.0012197270329936608
2006-06-09,-0.02552582693007127
2006-06-12,0.0009148954629235412
2006-06-13,-0.00277949032484261
2006-06-14,-0.011143623703678721
2006-06-15,0.0017290262062814447
2006-06-16,0.02605304265916436
2006-06-19,0.007479248725004542
2006-06-20,0.0038003959388955275
2006-06-21,0.0036295860185257783
2006-06-22,-0.0012835806770802077
2006-06-23,0.006021668652590332
2006-06-26,0.01712831610147691
2006-06-27,0.003727471471312986
2006-06-28,-0.00015859267335092728
2006-06-29,0.019529994837913976
2006-06-30,0.0003528887569780793
2006-07-03,0.014880864833341492
2006-07-04,-0.00931098258375875
2006-07-05,0.021770743756162034
2006-07-06,0.013242853279086165
2006-07-07,-0.006498355077901417
2006-07-10,0.002389942601329865
2006-07-11,0.006597459665586134
2006-07-12,-0.00333351810926298
2006-07-13,-0.04961895579821353
2006-07-14,0.0056850841770780215
2006-07-17,0.010561311990218885
2006-07-18,0.0008078072631110251
2006-07-19,-0.023482716933485692
2006-07-20,0.006035869828204235
2006-07-21,0.0061497882385866615
2006-07-24,0.0003662266984170909
2006-07-25,0.011648994889702237
2006-07-26,0.0007057895794614836
2006-07-27,-0.006829660495193896
2006-07-28,-0.007874905852460519
2006-07-31,-0.030111351636656774
2006-08-01,-0.0075435885867861
2006-08-02,0.0001624248788508181
2006-08-03,0.00011867842221600908
2006-08-04,-0.019494753691785847
2006-08-07,-0.014569203585996395
2006-08-08,0.02118991567422645
2006-08-09,-0.0012724943552683804
2006-08-10,0.017264600796416302
2006-08-11,-8.094670286696294e-05
2006-08-14,-0.022156182129043654
2006-08-15,0.015740597856330613
2006-08-16,0.012920197039023239
2006-08-17,-0.008124924345203175
2006-08-18,-0.0033173535350013664
2006-08-21,0.0019567581583381263
2006-08-22,0.007590641516926116
2006-08-23,-0.0005890103247091521
2006-08-24,0.006564859054557912
2006-08-25,6.161334544985628e-06
2006-08-28,0.016747146379943467
2006-08-29,0.0003513597050801095
2006-08-30,0.0025225271299718927
2006-08-31,0.0020821836041394737
2006-09-01,-0.01332207981327202
2006-09-04,0.012646599714250428
2006-09-05,0.00394990879634546
2006-09-06,0.004819864255635247
2006-09-07,-0.0065580694104908676
2006-09-08,0.004079100445415823
2006-09-11,0.004181941211878978
2006-09-12,0.0123947321238202
2006-09-13,-0.003822469760230632
2006-09-14,0.00017756312415697723
2006-09-15,0.01838948952698919
2006-09-18,0.00691367069276007
2006-09-19,0.0012974919862024771
2006-09-20,-0.0016091407259703077
2006-09-21,0.0048656292459327045
2006-09-22,-0.008966496520946653
2006-09-25,-0.0017344750021573007
2006-09-26,-0.005665209721868885
2006-09-27,0.0072141989827107685
2006-09-28,0.0068862201639845935
2006-09-29,0.008861231027646474
2006-10-09,0.018639188949761357
2006-10-10,-0.00029689797851325736
2006-10-11,0.0029315034308563573
2006-10-12,-0.006681114901118264
2006-10-13,0.0036375515853421937
2006-10-16,-0.007514180621818684
2006-10-17,-0.004186473641119553
2006-10-18,0.013117287337177586
2006-10-19,0.002827259778372448
2006-10-20,-0.0010550968011219307
2006-10-23,-0.017449558885263897
2006-10-24,0.02569315174006828
2006-10-25,0.0008139918441158445
2006-10-26,0.0022115951844659857
2006-10-27,-0.0019182775664264371
2006-10-30,0.0013713630620459279
2006-10-31,0.01553360089355737
2006-11-01,0.0095947889334204
2006-11-02,-0.0023738755476211005
2006-11-03,0.008096513254247003
2006-11-06,0.010632529876818822
2006-11-07,0.0017055811584089171
2006-11-08,-0.012091672340962747
2006-11-09,0.015763087792456366
2006-11-10,-0.006947430340448417
2006-11-13,-0.010450787916386475
2006-11-14,0.01304386019626831
2006-11-15,0.01821008658333722
2006-11-16,0.009631358269694757
2006-11-17,0.01545513649615879
2006-11-20,0.022808309729536024
2006-11-21,0.009998036341870287
2006-11-22,0.001863247983215819
2006-11-23,0.010239604442651797
2006-11-24,-0.005616121073536741
2006-11-27,-0.0017227541967365055
2006-11-28,-0.004189922918691559
2006-11-29,0.007510767542997152
2006-11-30,0.021766264835217913
2006-12-01,0.0013138667173029895
2006-12-04,0.027958759928838894
2006-12-05,0.005365728121700446
2006-12-06,-0.007704639626208723
2006-12-07,6.955150871616916e-05
2006-12-08,-0.029698281076877428
2006-12-11,0.040650030403010406
2006-12-12,0.017479902723533332
2006-12-13,0.002030430126633075
2006-12-14,0.011470041257187797
2006-12-15,0.010966234300671084
2006-12-18,0.025409825862208094
2006-12-19,0.013520596206248904
2006-12-20,0.0038122303361788866
2006-12-21,-0.012836918110204466
2006-12-22,0.00031152581755425243
2006-12-25,0.03854074600584029
2006-12-26,0.017890860455739437
2006-12-27,0.02259212695788733
2006-12-28,0.01222590552009335
2006-12-29,0.041157350088692084
2007-01-04,0.01493204574957036
2007-01-05,-0.0277745334200142
2007-01-08,0.024632312251263062
2007-01-09,0.03648636812594675
2007-01-10,0.006312394704044506
2007-01-11,-0.0198266226576438
2007-01-12,-0.03751667401333752
2007-01-15,0.04635440973158382
2007-01-16,0.009373755358875684
2007-01-17,-0.015043355733282074
2007-01-18,-0.007919288192485927
2007-01-19,0.026921447871213786
2007-01-22,0.03503324236113881
2007-01-23,0.005423034440381657
2007-01-24,0.008774133095674905
2007-01-25,-0.040389613911053696
2007-01-26,0.008780666598145755
2007-01-29,0.021518310226870896
2007-01-30,-0.005003567389301805
2007-01-31,-0.05046821331369387
2007-02-01,-0.0003230577080949626
2007-02-02,-0.04112226254201464
2007-02-05,-0.022957069304233673
2007-02-06,0.02388810017963251
2007-02-07,0.015015453074548744
2007-02-08,0.007902628445439697
2007-02-09,-0.002684653741507073
2007-02-12,0.027732402287790916
2007-02-13,0.0087604123986459
2007-02-14,0.025527100068044692
2007-02-15,0.029815199103185204
2007-02-16,0.0018225885795935955
2007-02-26,0.013952705790722893
2007-02-27,-0.09256154348244934
2007-02-28,0.03866843204412801
2007-03-01,-0.029546411088667734
2007-03-02,0.012201859768927004
2007-03-05,-0.01645802382939372
2007-03-06,0.019508252669216915
2007-03-07,0.01966675260888654
2007-03-08,0.01078882833853352
2007-03-09,0.0033754328049731552
2007-03-12,0.005769749342697534
2007-03-13,0.0033380100930231428
2007-03-14,-0.01991508677808133
2007-03-15,0.015490158701300263
2007-03-16,-0.007215043420563691
2007-03-19,0.028247842813803294
2007-03-20,0.005874353714412231
2007-03-21,0.00826991139220217
2007-03-22,0.0045197927679902095
2007-03-23,0.0009958474638065667
2007-03-26,0.01565925722391545
2007-03-27,0.005116881505034111
2007-03-28,0.010833696746008327
2007-03-29,0.007697948401573473
2007-03-30,-0.004249777610501242
2007-04-02,0.021319615488604986
2007-04-03,0.01183102146543964
2007-04-04,7.291685658665354e-05
2007-04-05,0.008350172862157439
2007-04-06,0.0013368019911134846
2007-04-09,0.022424045177622465
2007-04-10,0.013251227037066746
2007-04-11,0.014678533337964428
2007-04-12,0.010193292314948641
2007-04-13,-0.0036202215641406707
2007-04-16,0.021975075777236817
2007-04-17,0.00428117646642643
2007-04-18,0.00014672762810657964
2007-04-19,-0.046282238674359995
2007-04-20,0.0384451644070045
2007-04-23,0.03473644290595205
2007-04-24,0.0025943912219007193
2007-04-25,0.006277743542586037
2007-04-26,0.010389331155758299
2007-04-27,-0.006148823617341157
2007-04-30,0.021418658751459693
2007-05-08,0.02791506946792857
2007-05-09,0.015840915741246096
2007-05-10,0.009083778004112357
2007-05-11,-0.006943078522312635
2007-05-14,0.006125399819526148
2007-05-15,-0.03705885097960089
2007-05-16,0.022031982244815236
2007-05-17,0.015496312872143423
2007-05-18,-0.004463679728777103
2007-05-21,0.010359870947141511
2007-05-22,0.009324720701454575
2007-05-23,0.015289846866962374
2007-05-24,-0.0054247421868373735
2007-05-25,0.0068780272373583475
2007-05-28,0.021849236817435273
2007-05-29,0.014595305231557635
2007-05-30,-0.06722360244849199
2007-05-31,0.0138583135580022
2007-06-01,-0.026858522721629523
2007-06-04,-0.08617869605658635
2007-06-05,0.026004826727976185
2007-06-06,0.002444515774356008
2007-06-07,0.029864801557901468
2007-06-08,0.005725328750416634
2007-06-11,0.020873656736081322
2007-06-12,0.018954882297046796
2007-06-13,0.025300126706993765
2007-06-14,-0.014778920869978722
2007-06-15,0.004282215251666737
2007-06-18,0.02873482685077975
2007-06-19,0.0037945010076701606
2007-06-20,-0.02087442258447705
2007-06-21,0.011768841539586836
2007-06-22,-0.03349639724535088
2007-06-25,-0.03744463303035579
2007-06-26,0.008159803691206032
2007-06-27,0.026139191161675606
2007-06-28,-0.04114282598737805
2007-06-29,-0.02417731438446034
2007-07-02,0.00407210184231488
2007-07-03,0.0163990019398445
2007-07-04,-0.02165745382643225
2007-07-05,-0.05391481130376644
2007-07-06,0.044748598172077686
2007-07-09,0.026583617640056737
2007-07-10,-0.007807449977371345
2007-07-11,0.0032906954918412953
2007-07-12,0.012920219156017912
2007-07-13,-0.0004061100460774686
2007-07-16,-0.02390914684326415
2007-07-17,0.0192462384088032
2007-07-18,0.008655540381884447
2007-07-19,-0.004365683333189765
2007-07-20,0.03661067265189682
2007-07-23,0.03736074688558961
2007-07-24,-0.0007193997240348733
2007-07-25,0.026632932312080106
2007-07-26,0.005187758955237509
2007-07-27,-0.00025311154760978465
2007-07-30,0.021719175691283385
2007-07-31,0.006791022306176725
2007-08-01,-0.03887356035949713
2007-08-02,0.02461457092788094
2007-08-03,0.03413165121421778
2007-08-06,0.014657108495200213
2007-08-07,0.004983123334642096
2007-08-08,0.002561629161687668
2007-08-09,0.019314073722973866
2007-08-10,-0.0009954259634785201
2007-08-13,0.01477439844655498
2007-08-14,0.010880292212044205
2007-08-15,-0.000597372196027717
2007-08-16,-0.021677324871807874
2007-08-17,-0.023112845645516206
2007-08-20,0.05194538589345748
2007-08-21,0.01021503680681829
2007-08-22,0.00500640684778099
2007-08-23,0.010468936281319986
2007-08-24,0.014828440095553664
2007-08-27,0.008276683833620535
2007-08-28,0.008616934633373966
2007-08-29,-0.016549098002790787
2007-08-30,0.011374694390836824
2007-08-31,0.009810692444377506
2007-09-03,0.019399292785730597
2007-09-04,-0.005090872126757682
2007-09-05,0.003145759782430945
2007-09-06,0.015496770448989219
2007-09-07,-0.021832325599520377
2007-09-10,0.01469299329698906
2007-09-11,-0.04610884682643744
2007-09-12,0.011405252633908873
2007-09-13,0.01933008181711281
2007-09-14,0.007290952088900546
2007-09-17,0.02034994299431129
2007-09-18,0.0007043682182316834
2007-09-19,-0.00553396455771755
2007-09-20,0.013766941498096428
2007-09-21,-0.0028174627987341983
2007-09-24,0.005546794383201237
2007-09-25,-0.010838818626438956
2007-09-26,-0.016231637253243336
2007-09-27,0.01318971997785965
2007-09-28,0.026074075349055106
2007-10-08,0.02498117909981652
2007-10-09,0.004056580229079558
2007-10-10,0.009675065785802133
2007-10-11,0.024267131985525523
2007-10-12,-0.00168747273781812
2007-10-15,0.021257195311620188
2007-10-16,0.010224347965840198
2007-10-17,-0.009198355800342818
2007-10-18,-0.035580861200312904
2007-10-19,-0.001241912911386036
2007-10-22,-0.026247046693858318
2007-10-23,0.01854132229971815
2007-10-24,0.012003759680165442
2007-10-25,-0.049235317324743635
2007-10-26,0.004885223336122565
2007-10-29,0.027938872864729725
2007-10-30,0.025623998055308676
2007-10-31,0.009716612783411575
2007-11-01,-0.0068211226421246215
2007-11-02,-0.023346738260640015
2007-11-05,-0.025125179683694984
2007-11-06,-0.017524363026191835
2007-11-07,0.01170922893523413
2007-11-08,-0.04972941386215219
2007-11-09,-0.0027203846354587427
2007-11-12,-0.024338383957127296
2007-11-13,-0.0057240499034820255
2007-11-14,0.04817402461871578
2007-11-15,-0.008799495633977807
2007-11-16,-0.009174771375651704
2007-11-19,-0.008775723256714964
2007-11-20,0.004521227901035786
2007-11-21,-0.015126007728726748
2007-11-22,-0.04512654284593895
2007-11-23,0.00957847002401554
2007-11-26,-0.01466949470697995
2007-11-27,-0.019907052119688805
2007-11-28,-0.011944888259274172
2007-11-29,0.04078177211784557
2007-11-30,-0.026644317359919234
2007-12-03,-0.0006508979849717213
2007-12-04,0.009664340128435879
2007-12-05,0.02545892201495797
2007-12-06,-0.0015043087979079613
2007-12-07,0.01119611807199498
2007-12-10,0.013685056480175397
2007-12-11,0.0025461946618566753
2007-12-12,-0.015489150649561299
2007-12-13,-0.027355145969865085
2007-12-14,0.010008161040589882
2007-12-17,-0.02653759745354575
2007-12-18,-0.008357979783043102
2007-12-19,0.02160250503169164
2007-12-20,0.020382626296191288
2007-12-21,0.01148128196334774
2007-12-24,0.02563597962984561
2007-12-25,-0.006339955153635847
2007-12-26,0.0061660854732994794
2007-12-27,0.014331165459556042
2007-12-28,-0.008955213128172346
2008-01-02,0.002135866554298987
2008-01-03,0.008883559937672895
2008-01-04,0.007809855422768758
2008-01-07,0.005908016414833492
2008-01-08,-0.001263466239560841
2008-01-09,0.009107150691488024
2008-01-10,0.003806345743292532
2008-01-11,0.005143861844852008
2008-01-14,0.0024074500499984396
2008-01-15,-0.009890691677800285
2008-01-16,-0.02854195833612136
2008-01-17,-0.026620381678645146
2008-01-18,0.005590337570494447
2008-01-21,-0.052725696843360204
2008-01-22,-0.07491001271808287
2008-01-23,0.030943436956227834
2008-01-24,0.0031165172908915752
2008-01-25,0.009274895538543427
2008-01-28,-0.07462359754512873
2008-01-29,0.008707726220398644
2008-01-30,-0.009033623515845976
2008-01-31,-0.007830754778301467
2008-02-01,-0.014388770514989001
2008-02-04,0.07819000473647071
2008-02-05,-0.015632547873238548
2008-02-13,-0.023978038731101416
2008-02-14,0.013623947877061565
2008-02-15,-0.012197577591224746
2008-02-18,0.015668893410694405
2008-02-19,0.020827316560417395
2008-02-20,-0.02107252245797192
2008-02-21,-0.008763873950105227
2008-02-22,-0.03526986063303613
2008-02-25,-0.04152499813704422
2008-02-26,0.010829561484031655
2008-02-27,0.02236850792556431
2008-02-28,-0.008001377016331232
2008-02-29,0.011339093861644604
2008-03-03,0.020424504295648217
2008-03-04,-0.023439249801860313
2008-03-05,-0.009921153223504817
2008-03-06,0.01579483795606776
2008-03-07,-0.013963150185344208
2008-03-10,-0.036519575324650236
2008-03-11,0.004711167519228544
2008-03-12,-0.02325505476583996
2008-03-13,-0.02458905835208833
2008-03-14,-0.0021653842059263326
2008-03-17,-0.03665452895326834
2008-03-18,-0.04037162191928698
2008-03-19,0.02495250918489582
2008-03-20,0.011221889851979
2008-03-21,-0.0019656271664709917
2008-03-24,-0.045918151191200386
2008-03-25,0.0009454493035233679
2008-03-26,-0.006290371851710446
2008-03-27,-0.055688441742651806
2008-03-28,0.048255552969055836
2008-03-31,-0.030469429996392763
2008-04-01,-0.04221524906065059
2008-04-02,0.005607289771822401
2008-04-03,0.028956471955936064
2008-04-07,0.04354450268822121
2008-04-08,0.003582841706479914
2008-04-09,-0.056552864055509064
2008-04-10,0.016797647215370953
2008-04-11,0.006073564572816976
2008-04-14,-0.057816605685942137
2008-04-15,0.015554819098850458
2008-04-16,-0.017093918437775458
2008-04-17,-0.02114183935319348
2008-04-18,-0.04055065253079625
2008-04-21,0.007183307473132878
2008-04-22,0.009836034969846133
2008-04-23,0.040633527087168206
2008-04-24,0.08887466476408128
2008-04-25,-0.007080488578027329
2008-04-28,-0.023614422350828394
2008-04-29,0.013915370443750241
2008-04-30,0.04703965083405183
2008-05-05,0.018218616843381108
2008-05-06,-0.007341406858367857
2008-05-07,-0.042220789439612744
2008-05-08,0.021474044447052615
2008-05-09,-0.011925322164017432
2008-05-12,0.0037262817494576874
2008-05-13,-0.018572387764561615
2008-05-14,0.02693275665107511
2008-05-15,-0.005513568235884627
2008-05-16,-0.0036052947865986983
2008-05-19,-0.00538665763227438
2008-05-20,-0.045865539940832624
2008-05-21,0.028919988666503
2008-05-22,-0.016660840420300423
2008-05-23,-0.003604115002234856
2008-05-26,-0.031753435206474355
2008-05-27,0.0032255460127808455
2008-05-28,0.024471404516610652
2008-05-29,-0.01678933157369269
2008-05-30,0.009337589554015022
2008-06-02,0.007454632999387149
2008-06-03,-0.006566682142252846
2008-06-04,-0.01953837400556584
2008-06-05,-0.0054332758824791865
2008-06-06,-0.006579561911106113
2008-06-10,-0.08043696859150398
2008-06-11,-0.01577641114369893
2008-06-12,-0.022305359726001048
2008-06-13,-0.03046063665267785
2008-06-16,0.001845757893983574
2008-06-17,-0.027996924594417015
2008-06-18,0.05104440394824821
2008-06-19,-0.06759714297524981
2008-06-20,0.029701445565968196
2008-06-23,-0.02550852164243791
2008-06-24,0.015314565304641597
2008-06-25,0.035739425269273185
2008-06-26,-0.001088368003337536
2008-06-27,-0.05431862507848157
2008-06-30,-0.0044962907569403065
2008-07-01,-0.0313703174148826
2008-07-02,4.902580078038399e-05
2008-07-03,0.01934606931894027
2008-07-04,-0.012521053443216213
2008-07-07,0.044864168052505364
2008-07-08,0.008043058330455414
2008-07-09,0.03682745526321401
2008-07-10,-0.015562770967584039
2008-07-11,-0.006566575353570138
2008-07-14,0.007543336512339069
2008-07-15,-0.034932878496292716
2008-07-16,-0.02682957919760393
2008-07-17,-0.007824699286521117
2008-07-18,0.0342656368895452
2008-07-21,0.029453580303096118
2008-07-22,-0.0053613418911004525
2008-07-23,-0.002909940001685697
2008-07-24,0.025206009357023544
2008-07-25,-0.015649479003891048
2008-07-28,0.01314487617739284
2008-07-29,-0.01832036945378012
2008-07-30,-0.004796931290532019
2008-07-31,-0.021720656000541586
2008-08-01,0.009359033018582721
2008-08-04,-0.021676450676678654
2008-08-05,-0.018772790183706135
2008-08-06,0.01058027067106677
2008-08-07,0.0030145333507019395
2008-08-08,-0.04570574061311576
2008-08-11,-0.053462538251638436
2008-08-12,-0.005224000011649843
2008-08-13,-0.004445811340233997
2008-08-14,-0.0037760776165196644
2008-08-15,0.005536371807316117
2008-08-18,-0.05482582353272807
2008-08-19,0.010548213934855562
2008-08-20,0.07350027893414461
2008-08-21,-0.03696081659764574
2008-08-22,-0.010953292816114117
2008-08-25,0.0033785779035529822
2008-08-26,-0.026574740854438388
2008-08-27,-0.003380059182898999
2008-08-28,0.003405589902738913
2008-08-29,0.019897402306549922
2008-09-01,-0.030592050875984954
2008-09-02,-0.008747299313098042
2008-09-03,-0.012319103924770805
2008-09-04,0.00032498331452785183
2008-09-05,-0.0334684552619693
2008-09-08,-0.027167692872204975
2008-09-09,0.0011004384212238265
2008-09-10,0.0023181454054312755
2008-09-11,-0.03394387922938602
2008-09-12,0.00033183846023667824
2008-09-16,-0.045764457779950016
2008-09-17,-0.02941711574671062
2008-09-18,-0.017365641667266576
2008-09-19,0.09034251414974201
2008-09-22,0.07486737539632994
2008-09-23,-0.015728413071526077
2008-09-24,0.006925737002475214
2008-09-25,0.03575234968439127
2008-09-26,-0.0016204634934177337
2008-10-06,-0.05375192542353926
2008-10-07,-0.0073414649682579875
2008-10-08,-0.03088201816510383
2008-10-09,-0.008466979640874566
2008-10-10,-0.03632658360135185
2008-10-13,0.0358396195234094
2008-10-14,-0.027501861627738905
2008-10-15,-0.011291274725165772
2008-10-16,-0.04340679517310956
2008-10-17,0.010784905828804285
2008-10-20,0.022210273073228717
2008-10-21,-0.007872815002866382
2008-10-22,-0.03254272923452697
2008-10-23,-0.010744181120164228
2008-10-24,-0.019348252943817618
2008-10-27,-0.06528895756786637
2008-10-28,0.027737195902491258
2008-10-29,-0.029793447280475338
2008-10-30,0.025149025098212097
2008-10-31,-0.01994110287085773
2008-11-03,-0.005231180881028208
2008-11-04,-0.007628879511114048
2008-11-05,0.031098658467822265
2008-11-06,-0.024662509840596557
2008-11-07,0.017308529509810846
2008-11-10,0.07019562748680307
2008-11-11,-0.01677638104680666
2008-11-12,0.008372272566762743
2008-11-13,0.03618301498251234
2008-11-14,0.030063198371323797
2008-11-17,0.021928126364807794
2008-11-18,-0.06514020192072442
2008-11-19,0.05871223477864348
2008-11-20,-0.016850217359374985
2008-11-21,-0.007270183673521069
2008-11-24,-0.037418530789625176
2008-11-25,-0.004411262987653286
2008-11-26,0.004843417389442004
2008-11-27,0.010472507354219125
2008-11-28,-0.0246514216937623
2008-12-01,0.012454453201688278
2008-12-02,-0.0026266778661643586
2008-12-03,0.039314540217858455
2008-12-04,0.018196024494451332
2008-12-05,0.008537025501185874
2008-12-08,0.03509849422730247
2008-12-09,-0.025691068571919502
2008-12-10,0.02010337666079738
2008-12-11,-0.023081690267909405
2008-12-12,-0.03887701730143288
2008-12-15,0.005185563529092016
2008-12-16,0.005401878403798591
2008-12-17,0.0009160313710692885
2008-12-18,0.019472075541582926
2008-12-19,0.0013732758748810012
2008-12-22,-0.01532646781840379
2008-12-23,-0.04661871978366172
2008-12-24,-0.017772242447455757
2008-12-25,-0.006124521999097203
2008-12-26,-0.0004859690047422358
2008-12-29,-0.000561858469670059
2008-12-30,-0.009540197080110701
2008-12-31,-0.0066234107896160745
2009-01-05,0.03237322522144789
2009-01-06,0.02956313851814273
2009-01-07,-0.006806271030567092
2009-01-08,-0.024108326896762892
2009-01-09,0.014105292225991392
2009-01-12,-0.002370435330398896
2009-01-13,-0.019651403432323838
2009-01-14,0.034547662919597585
2009-01-15,-0.004499784162627518
2009-01-16,0.017669152332651726
2009-01-19,0.01635616286875734
2009-01-20,0.003737965254485888
2009-01-21,-0.004568845859429833
2009-01-22,0.009990133136577501
2009-01-23,-0.007152880750319001
2009-02-02,0.01050395182132931
2009-02-03,0.02412891553786223
2009-02-04,0.02252191842005177
2009-02-05,-0.0046269850035150694
2009-02-06,0.038899479613737596
2009-02-09,0.019733047614066124
2009-02-10,0.01801882657176126
2009-02-11,-0.0019178172816573915
2009-02-12,-0.005646612517809918
2009-02-13,0.03182667813952921
2009-02-16,0.02913045828438476
2009-02-17,-0.02971232600994527
2009-02-18,-0.04839661212442309
2009-02-19,0.007780105865835141
2009-02-20,0.015310195236226018
2009-02-23,0.019399547791095977
2009-02-24,-0.04666624272830757
2009-02-25,0.0026865024031166806
2009-02-26,-0.03943373610844337
2009-02-27,-0.018268389402261682
2009-03-02,0.00507627457903951
2009-03-03,-0.010574232716926856
2009-03-04,0.059358710198951066
2009-03-05,0.010395663849387437
2009-03-06,-0.012718534685613651
2009-03-09,-0.03444873724225161
2009-03-10,0.01861967326912408
2009-03-11,-0.009098185195563472
2009-03-12,-0.0024058613490909146
2009-03-13,-0.0023599910548277284
2009-03-16,0.011414977268639012
2009-03-17,0.02975775546333014
2009-03-18,0.0024313055924777673
2009-03-19,0.018724277351899524
2009-03-20,0.006743155410038152
2009-03-23,0.019273070441371377
2009-03-24,0.00554901829095659
2009-03-25,-0.020247043137273307
2009-03-26,0.030153254203264136
2009-03-27,0.00537992150924312
2009-03-30,-0.006930854710497813
2009-03-31,0.006412703613631332
2009-04-01,0.014561363946577968
2009-04-02,0.0071462718083586734
2009-04-03,-0.002274477923077842
2009-04-07,0.00798529030344584
2009-04-08,-0.03835784460621389
2009-04-09,0.013745993601740503
2009-04-10,0.02668007865693021
2009-04-13,0.02802562640410629
2009-04-14,0.005348285272407204
2009-04-15,0.0035076390234757113
2009-04-16,-0.0007613127291949406
2009-04-17,-0.011984891582476166
2009-04-20,0.021149087158204287
2009-04-21,-0.008493578819891266
2009-04-22,-0.02981101972060608
2009-04-23,0.0010557733504594929
2009-04-24,-0.006253404574600997
2009-04-27,-0.01781692556822026
2009-04-28,-0.001626865688902665
2009-04-29,0.02741653106733903
2009-04-30,0.0037931526182518123
2009-05-04,0.03269386051201709
2009-05-05,0.0028982418258828987
2009-05-06,0.009760032203663982
2009-05-07,0.0018998188748008905
2009-05-08,0.010798289910846269
2009-05-11,-0.017635989424983074
2009-05-12,0.014783105430766552
2009-05-13,0.017266812170157048
2009-05-14,-0.009005162991131984
2009-05-15,0.002032109532534541
2009-05-18,0.0028387875705457245
2009-05-19,0.008969073871644858
2009-05-20,-0.009485646630337607
2009-05-21,-0.015503832950577034
2009-05-22,-0.004999799210789932
2009-05-25,0.004766110938387679
2009-05-26,-0.00824845306189871
2009-05-27,0.016991694834027404
2009-06-01,0.03300506333426669
2009-06-02,0.0011091565304733983
2009-06-03,0.019732090409677328
2009-06-04,-0.0040931712102734545
2009-06-05,-0.004835975975082268
2009-06-08,0.005233404976010552
2009-06-09,0.007037174731515671
2009-06-10,0.010121175450713903
2009-06-11,-0.0067443967940228715
2009-06-12,-0.01933257348866665
2009-06-15,0.016551050020383228
2009-06-16,-0.0048620452724548215
2009-06-17,0.01220893983061626
2009-06-18,0.015459292838211656
2009-06-19,0.009273938666380084
2009-06-22,0.005473641753733143
2009-06-23,-0.001243738284355147
2009-06-24,0.01018065542874045
2009-06-25,0.0009405970919301986
2009-06-26,0.0010797402838774908
2009-06-29,0.015956920410957146
2009-06-30,-0.005375206507990477
2009-07-01,0.016352243123894467
2009-07-02,0.017171340107933277
2009-07-03,0.009146831664213161
2009-07-06,0.01168523397459436
2009-07-07,-0.011335596072874208
2009-07-08,-0.002813515798727656
2009-07-09,0.013624118662047132
2009-07-10,-0.0029180903701157184
2009-07-13,-0.010774195392242957
2009-07-14,0.02075336462178187
2009-07-15,0.013701504742946412
2009-07-16,-0.001509661648647821
2009-07-17,0.0018828024164105578
2009-07-20,0.023908236249029755
2009-07-21,-0.01657720754689172
2009-07-22,0.02562423026389052
2009-07-23,0.009624079958892891
2009-07-24,0.013165212556155754
2009-07-27,0.018394098922853815
2009-07-28,0.0009194627028781709
2009-07-29,-0.05129987647540876
2009-07-30,0.016736906683387096
2009-07-31,0.026881662381299246
2009-08-03,0.01470064948647705
2009-08-04,0.00255262951140643
2009-08-05,-0.012446645724558133
2009-08-06,-0.021274732624690897
2009-08-07,-0.0289092856933217
2009-08-10,-0.0033576819632309333
2009-08-11,0.00459591659523494
2009-08-12,-0.04768012203243041
2009-08-13,0.008904185943971904
2009-08-14,-0.030253473762630757
2009-08-17,-0.059616136327809245
2009-08-18,0.0139239230889813
2009-08-19,-0.043999330742078256
2009-08-20,0.04423977893867289
2009-08-21,0.01675348047887533
2009-08-24,0.01097051746936938
2009-08-25,-0.026275662422611326
2009-08-26,0.017605950912593624
2009-08-27,-0.007166089452459516
2009-08-28,-0.029521231673908657
2009-08-31,-0.06982743396027273
2009-09-01,0.005968471245388688
2009-09-02,0.011577011841167046
2009-09-03,0.046789193829468806
2009-09-04,0.005814306074507379
2009-09-07,0.006794703933988728
2009-09-08,0.016987124698070503
2009-09-09,0.005370337270414906
2009-09-10,-0.007283115206323949
2009-09-11,0.021949696621132272
2009-09-14,0.012282981904111017
2009-09-15,0.00230675280945074
2009-09-16,-0.011277268206993716
2009-09-17,0.019984262346112936
2009-09-18,-0.032408990893935084
2009-09-21,0.0014638229297268379
2009-09-22,-0.023689159372549475
2009-09-23,-0.019104212032816082
2009-09-24,0.0038024928766372916
2009-09-25,-0.005168315151916762
2009-09-28,-0.026890288565983266
2009-09-29,-0.0032547699472236266
2009-09-30,0.008995411191601679
2009-10-09,0.046498101156633956
2009-10-12,-0.00593849700840228
2009-10-13,0.01430734769806727
2009-10-14,0.011627565517668805
2009-10-15,0.003112440163000439
2009-10-16,-0.0010610401202273353
2009-10-19,0.02049648636856422
2009-10-20,0.015085084969620634
2009-10-21,-0.004503633908644406
2009-10-22,-0.006265946669017498
2009-10-23,0.018327389916626167
2009-10-26,0.0005532841737820176
2009-10-27,-0.02874429469211884
2009-10-28,0.003261308833849999
2009-10-29,-0.02365342759303538
2009-10-30,0.01187995813097493
2009-11-02,0.02661334506796839
2009-11-03,0.012140587957561556
2009-11-04,0.004584511383136528
2009-11-05,0.008437901673555947
2009-11-06,0.0028453483223874693
2009-11-09,0.0036406007760409922
2009-11-10,0.0009537014882025689
2009-11-11,-0.0010765212409222966
2009-11-12,-0.000705718554716064
2009-11-13,0.004622213681710303
2009-11-16,0.027049167945403498
2009-11-17,0.0023909958721841547
2009-11-18,0.0061766456322756335
2009-11-19,0.005247723340254093
2009-11-20,-0.0036989253151293077
2009-11-23,0.009119953206697453
2009-11-24,-0.03509249650303848
2009-11-25,0.020462202795376316
2009-11-26,-0.036898546797170376
2009-11-27,-0.023845756848115247
2009-11-30,0.03148604860551288
2009-12-01,0.01245922447018967
2009-12-02,0.010573324781842251
2009-12-03,-0.0015670962043234926
2009-12-04,0.015926385798942712
2009-12-07,0.004469892867681259
2009-12-08,-0.0106328771296505
2009-12-09,-0.017469229772473442
2009-12-10,0.004524302317073463
2009-12-11,-0.0021348664896359603
2009-12-14,0.01697082966848687
2009-12-15,-0.008647900447301309
2009-12-16,-0.005896180287435289
2009-12-17,-0.02366494295018787
2009-12-18,-0.02071909831209645
2009-12-21,0.0029117236606628514
2009-12-22,-0.023472404216344268
2009-12-23,0.007596006675180233
2009-12-24,0.025576332430826146
2009-12-25,-0.003831763166766412
2009-12-28,0.014985754675130074
2009-12-29,0.0071806749872115605
2009-12-30,0.015705350027960523
2009-12-31,0.004446667285884553
2010-01-04,-0.010237940027002172
2010-01-05,0.01177468499198806
2010-01-06,-0.008555220162984963
2010-01-07,-0.019060604969395063
2010-01-08,0.0010080172654726132
2010-01-11,0.005227240301085254
2010-01-12,0.01887604759861051
2010-01-13,-0.03143296305690455
2010-01-14,0.013428063406297944
2010-01-15,0.0026709334635518275
2010-01-18,0.004008517652242576
2010-01-19,0.0030135880931057095
2010-01-20,-0.02970187333125631
2010-01-21,0.00222162098502805
2010-01-22,-0.00962877919320606
2010-01-25,-0.010985165906705853
2010-01-26,-0.024542433686137514
2010-01-27,-0.010915859305289348
2010-01-28,0.0025180801668037225
2010-01-29,-0.0016211440802995829
2010-02-01,-0.016163841585823173
2010-02-02,-0.002263418522594431
2010-02-03,0.023279500186290956
2010-02-04,-0.0028404090347033174
2010-02-05,-0.0188422531636772
2010-02-08,-0.0014401056523460328
2010-02-09,0.004646499443254114
2010-02-10,0.01135000230857894
2010-02-11,0.0010053620149759156
2010-02-12,0.01087019729708008
2010-02-22,-0.004892454037946822
2010-02-23,-0.006959635306446374
2010-02-24,0.013193080322310313
2010-02-25,0.012639084539945965
2010-02-26,-0.0028400558307307214
2010-03-01,0.011694363359540461
2010-03-02,-0.00478173920152362
2010-03-03,0.007743822843926359
2010-03-04,-0.024061797711515964
2010-03-05,0.0025402900472362632
2010-03-08,0.0072876533237030946
2010-03-09,0.00519734541163744
2010-03-10,-0.0066066826665547385
2010-03-11,0.0007704653171777857
2010-03-12,-0.012488846822552309
2010-03-15,-0.012176400577633922
2010-03-16,0.005326842060237974
2010-03-17,0.019076185913230636
2010-03-18,-0.0014401543027487767
2010-03-19,0.007085592891236913
2010-03-22,0.0022239126894768586
2010-03-23,-0.0070042879826530255
2010-03-24,0.0012078699587810015
2010-03-25,-0.012386617201246944
2010-03-26,0.013338137170758133
2010-03-29,0.020726800931849042
2010-03-30,0.001493857708789931
2010-03-31,-0.006210771907752831
2010-04-01,0.012249774373208403
2010-04-02,0.003343179893043669
2010-04-06,0.0002279693011214155
2010-04-07,-0.003317005054949419
2010-04-08,-0.009417758970806546
2010-04-09,0.008505716934587432
2010-04-12,-0.0051286168439267634
2010-04-13,0.010170964127237397
2010-04-14,0.001558294915192884
2010-04-15,-0.00038223703899995925
2010-04-16,-0.01101473027379771
2010-04-19,-0.0491048800131796
2010-04-20,-0.0002583966335563833
2010-04-21,0.017878972324842767
2010-04-22,-0.011205601971721794
2010-04-23,-0.005328425348461871
2010-04-26,-0.0047169264885783225
2010-04-27,-0.02095210061905141
2010-04-28,-0.002616964232793948
2010-04-29,-0.011059681857984555
2010-04-30,0.0007597089774075842
2010-05-04,-0.012383853006525525
2010-05-05,0.0076839267607225715
2010-05-06,-0.04197619914103254
2010-05-07,-0.018909643637660137
2010-05-10,0.0038536265423305734
2010-05-11,-0.019150170077526212
2010-05-12,0.003069800724228409
2010-05-13,0.02042477016176491
2010-05-14,-0.005133963791181946
2010-05-17,-0.05202293090885179
2010-05-18,0.013521820236296226
2010-05-19,-0.0026897764254047124
2010-05-20,-0.012391896117153548
2010-05-21,0.010732748089812092
2010-05-24,0.03420574148627514
2010-05-25,-0.019180920557717127
2010-05-26,0.0012041720677236558
2010-05-27,0.011409307531173394
2010-05-28,-5.6479199667111254e-05
2010-05-31,-0.024246984292988362
2010-06-01,-0.009251233034149507
2010-06-02,0.0012218613501385695
2010-06-03,-0.007322322766329678
2010-06-04,0.0003642594899519121
2010-06-07,-0.01652845347289282
2010-06-08,0.0008834625938751903
2010-06-09,0.027433053710694835
2010-06-10,-0.008273711567859028
2010-06-11,0.0028679888416945003
2010-06-17,-0.0037776423576873818
2010-06-18,-0.01854011047656389
2010-06-21,0.028628684052270353
2010-06-22,0.0009623356511178959
2010-06-23,-0.007300505230089893
2010-06-24,-0.001214806773207435
2010-06-25,-0.005441876711101501
2010-06-28,-0.00689454589332903
2010-06-29,-0.04362755649453253
2010-06-30,-0.01188718814890044
2010-07-01,-0.010301505972494206
2010-07-02,0.003830399348479664
2010-07-05,-0.00798428459710083
2010-07-06,0.019052105909986933
2010-07-07,0.004844188384527652
2010-07-08,-0.002468846045552433
2010-07-09,0.022829153948998367
2010-07-12,0.007981274379483552
2010-07-13,-0.01636544040668933
2010-07-14,0.008189887528367563
2010-07-15,-0.018853449501705553
2010-07-16,-1.2374782668133346e-05
2010-07-19,0.020879630450742096
2010-07-20,0.021307121829121638
2010-07-21,0.00263027094131645
2010-07-22,0.01060075053263003
2010-07-23,0.003747248485481568
2010-07-26,0.00645262290281168
2010-07-27,-0.00515488017104377
2010-07-28,0.022381300630367692
2010-07-29,0.005475440524377459
2010-07-30,-0.004018455466326408
2010-08-02,0.013190348716436526
2010-08-03,-0.01717933681521852
2010-08-04,0.004375643195884674
2010-08-05,-0.006753801854410031
2010-08-06,0.014256324345145344
2010-08-09,0.005304912908376258
2010-08-10,-0.02933503185020735
2010-08-11,0.00470135044459876
2010-08-12,-0.01235598338186972
2010-08-13,0.01204912902021205
2010-08-16,0.02088371986119302
2010-08-17,0.0038173137699910884
2010-08-18,-0.0020943436045823146
2010-08-19,0.008098238599297494
2010-08-20,-0.017136447588146513
2010-08-23,-0.0011132822524849133
2010-08-24,0.004136361972046526
2010-08-25,-0.020481419754130207
2010-08-26,0.002653817090409664
2010-08-27,0.0027846944284996944
2010-08-30,0.01592920408597262
2010-08-31,-0.005238641772620361
2010-09-01,-0.0060513176705697174
2010-09-02,0.01246544616217357
2010-09-03,-0.0001468602965829445
2010-09-06,0.015270382159629493
2010-09-07,0.0007822623350339713
2010-09-08,-0.0011383758054506535
2010-09-09,-0.014552805210031664
2010-09-10,0.002579162112193619
2010-09-13,0.009384301041370956
2010-09-14,7.4393138011268e-05
2010-09-15,-0.013488264826355376
2010-09-16,-0.019041597442976663
2010-09-17,-0.0014535221625593337
2010-09-20,-0.003847789764901921
2010-09-21,0.0010964701712006149
2010-09-27,0.013955532725328557
2010-09-28,-0.006344356041392632
2010-09-29,-0.0002566051913437962
2010-09-30,0.017082487572397293
2010-10-08,0.030804749248344147
2010-10-11,0.024596961397602177
2010-10-12,0.012205485823796132
2010-10-13,0.006996628439856405
2010-10-14,0.006368250053351427
2010-10-15,0.031287162616935385
2010-10-18,-0.005375966943142869
2010-10-19,0.015652283265523453
2010-10-20,0.0006993240153132239
2010-10-21,-0.00682092605571454
2010-10-22,-0.002849678948262229
2010-10-25,0.02534957175861545
2010-10-26,-0.0032430899462710396
2010-10-27,-0.014735494552323104
2010-10-28,-0.0014925799523022173
2010-10-29,-0.004605285619837239
2010-11-01,0.02492814959023364
2010-11-02,-0.002816649264793526
2010-11-03,-0.0047528074696290695
2010-11-04,0.018291010156118195
2010-11-05,0.013692938397452102
2010-11-08,0.009543704901507449
2010-11-09,-0.00778777819924246
2010-11-10,-0.006284458699710065
2010-11-11,0.010340019637083453
2010-11-12,-0.05293759535545552
2010-11-15,0.009656983137368794
2010-11-16,-0.04057791905024499
2010-11-17,-0.019423640617453292
2010-11-18,0.00932284275916106
2010-11-19,0.008036164081414672
2010-11-22,-0.001455064747260436
2010-11-23,-0.019637752195627824
2010-11-24,0.011131892556559709
2010-11-25,0.013309911329676441
2010-11-26,-0.0092063680149249
2010-11-29,-0.0018612567807247211
2010-11-30,-0.016242219424524335
2010-12-01,0.0011588287559375732
2010-12-02,0.007114830279859034
2010-12-03,-0.00041505160601748673
2010-12-06,0.00517580428417724
2010-12-07,0.006516635539329489
2010-12-08,-0.009541667071126579
2010-12-09,-0.013287588380500487
2010-12-10,0.010647677820508685
2010-12-13,0.028423197947106744
2010-12-14,0.0014119588057293732
2010-12-15,-0.0053678391590525325
2010-12-16,-0.004568348005789254
2010-12-17,-0.001519368787489795
2010-12-20,-0.014206751943633094
2010-12-21,0.017783943853784567
2010-12-22,-0.009066113523170768
2010-12-23,-0.007911963577355342
2010-12-24,-0.0070505249555627815
2010-12-27,-0.019143974914583
2010-12-28,-0.017558150105939446
2010-12-29,0.006760872645543403
2010-12-30,0.002917749888002793
2010-12-31,0.01742610529624122
2011-01-04,0.01574741103666412
2011-01-05,-0.004940936809453983
2011-01-06,-0.00508231136041727
2011-01-07,0.0051562890156764745
2011-01-10,-0.016691296660109597
2011-01-11,0.004374669673824311
2011-01-12,0.0061329709508320665
2011-01-13,0.0022694251740085552
2011-01-14,-0.012945429536379546
2011-01-17,-0.030806364822610535
2011-01-18,0.0008567778293683039
2011-01-19,0.017969856594259797
2011-01-20,-0.02960249269235065
2011-01-21,0.013959217498472962
2011-01-24,-0.0072334315882823805
2011-01-25,-0.006807950882562173
2011-01-26,0.011652044854346295
2011-01-27,0.014782348929439967
2011-01-28,0.0013086390206150295
2011-01-31,0.013688465073138803
2011-02-01,0.00295904252834999
2011-02-09,-0.008935968538319268
2011-02-10,0.015772238646589654
2011-02-11,0.003248613695046755
2011-02-14,0.025077888567056693
2011-02-15,3.794169741258771e-05
2011-02-16,0.008469707895467136
2011-02-17,0.0010460001705731737
2011-02-18,-0.00932602116955942
2011-02-21,0.011131725842157856
2011-02-22,-0.026516083293909247
2011-02-23,0.0024868195707285607
2011-02-24,0.00556328215013649
2011-02-25,-1.3895740261029373e-05
2011-02-28,0.009160432753541468
2011-03-01,0.004763082990583517
2011-03-02,-0.0017521816738880185
2011-03-03,-0.003723707582381524
2011-03-04,0.013457191530398408
2011-03-07,0.018153169532059376
2011-03-08,0.0012441318116217684
2011-03-09,0.0007364101837438846
2011-03-10,-0.015106113619882558
2011-03-11,-0.007924073960442991
2011-03-14,0.0013046227386632142
2011-03-15,-0.014182884311087463
2011-03-16,0.011855173804570688
2011-03-17,-0.01149615447580883
2011-03-18,0.003304512335653957
2011-03-21,0.0007737236954576914
2011-03-22,0.0034315474935761757
2011-03-23,0.010000730972809619
2011-03-24,-0.0006004895696955593
2011-03-25,0.010498837261903588
2011-03-28,0.0020765513239458097
2011-03-29,-0.008724273117744924
2011-03-30,-0.000781217013445651
2011-03-31,-0.009402028510918807
2011-04-01,0.01333235478296752
2011-04-06,0.011376000794559537
2011-04-07,0.0021799661502768892
2011-04-08,0.007323734732350703
2011-04-11,-0.0024022070873404044
2011-04-12,-0.00045664216593316776
2011-04-13,0.009562358654931186
2011-04-14,-0.002547169949851396
2011-04-15,0.0025897864034149375
2011-04-18,0.0022266400374241742
2011-04-19,-0.019249748595020367
2011-04-20,0.0026639687553787162
2011-04-21,0.006506799053508669
2011-04-22,-0.005350183951058419
2011-04-25,-0.015252652413921429
2011-04-26,-0.00879758652319233
2011-04-27,-0.004627940576937156
2011-04-28,-0.013202886003123023
2011-04-29,0.008440091146975673
2011-05-03,0.00707773716282971
2011-05-04,-0.02282527635895118
2011-05-05,0.0022236095053318394
2011-05-06,-0.0029670767144546624
2011-05-09,0.002987964951940578
2011-05-10,0.006305665955375317
2011-05-11,-0.0024973818194669994
2011-05-12,-0.013737448686831358
2011-05-13,0.009431209464538928
2011-05-16,-0.007678225166624172
2011-05-17,0.0012978268486462982
2011-05-18,0.0069862690144597474
2011-05-19,-0.004605457223839335
2011-05-20,-0.0003882456069461352
2011-05-23,-0.029787238034140292
2011-05-24,-0.0027103955325505345
2011-05-25,-0.009192629358156349
2011-05-26,-0.0019020608954079543
2011-05-27,-0.009760509913667932
2011-05-30,-0.001325625943020446
2011-05-31,0.013618983926101445
2011-06-01,3.644952470245587e-05
2011-06-02,-0.0140915385220783
2011-06-03,0.008407617810034402
2011-06-07,0.005949962001034426
2011-06-08,0.002180327330320175
2011-06-09,-0.017218315116578262
2011-06-10,0.0006656214191261164
2011-06-13,-0.0017611631185672494
2011-06-14,0.010923757256205445
2011-06-15,-0.009055396559461385
2011-06-16,-0.01532701228462595
2011-06-17,-0.008087323383940689
2011-06-20,-0.008195225642159994
2011-06-21,0.009579151902402985
2011-06-22,0.0010725481597688093
2011-06-23,0.014587420992334022
2011-06-24,0.021331355005768663
2011-06-27,0.00436739036337317
2011-06-28,0.0003516129828536472
2011-06-29,-0.011196105058026935
2011-06-30,0.012239341503634505
2011-07-01,-0.0009852503042790393
2011-07-04,0.01918877005429329
2011-07-05,0.0012541815090735078
2011-07-06,-0.0020864330820165454
2011-07-07,-0.005784395449509461
2011-07-08,0.0012517794783397534
2011-07-11,0.001756998984257997
2011-07-12,-0.0173146893838237
2011-07-13,0.014738846211319356
2011-07-14,0.005337227613854012
2011-07-15,0.003456112103366435
2011-07-18,-0.0012347301306479348
2011-07-19,-0.0070221730144840785
2011-07-20,-0.0009908446061128002
2011-07-21,-0.010186955236902566
2011-07-22,0.0017700142609968518
2011-07-25,-0.030056076494023694
2011-07-26,0.0052969644120510855
2011-07-27,0.00754078007708197
2011-07-28,-0.005415797062636871
2011-07-29,-0.002606040461980381
2011-08-01,0.0007584853596720085
2011-08-02,-0.00911015693219154
2011-08-03,-0.0002874340927822007
2011-08-04,0.002069919229024925
2011-08-05,-0.021701419965496953
2011-08-08,-0.03866010700186498
2011-08-09,-0.00029685981903733357
2011-08-10,0.009107003486963186
2011-08-11,0.012602760218289344
2011-08-12,0.004506566486704055
2011-08-15,0.012873888995799944
2011-08-16,-0.00710612854030094
2011-08-17,-0.0026528829651582993
2011-08-18,-0.016195737216396777
2011-08-19,-0.009859066122406689
2011-08-22,-0.007326446274293952
2011-08-23,0.015053895022406831
2011-08-24,-0.005075465596136787
2011-08-25,0.02877039612353115
2011-08-26,-0.0011745689974847645
2011-08-29,-0.013791992895215155
2011-08-30,-0.003818787452406964
2011-08-31,0.00029217383382146707
2011-09-01,-0.004411157604252489
2011-09-02,-0.01091995620020398
2011-09-05,-0.01978886309264888
2011-09-06,-0.0033217117541330015
2011-09-07,0.018277454465487442
2011-09-08,-0.006839467302869065
2011-09-09,-0.0004763153297477751
2011-09-13,-0.010645998657207648
2011-09-14,0.0054599187719297235
2011-09-15,-0.0023288244729049324
2011-09-16,0.0013262414292108029
2011-09-19,-0.01810977253006693
2011-09-20,0.004077344080091912
2011-09-21,0.026292105952329108
2011-09-22,-0.02820998926310706
2011-09-23,-0.004060527868924227
2011-09-26,-0.016567798585054607
2011-09-27,0.009096965336672999
2011-09-28,-0.009565071438123154
2011-09-29,-0.01123314456135038
2011-09-30,-0.002590718891507535
2011-10-10,-0.006135210283583432
2011-10-11,0.001589496873345443
2011-10-12,0.02998219764585407
2011-10-13,0.0077344744972877065
2011-10-14,-0.003043017273738105
2011-10-17,0.0037029629034159143
2011-10-18,-0.023596160152421712
2011-10-19,-0.0025120786157324386
2011-10-20,-0.019597643911354677
2011-10-21,-0.006066308959220742
2011-10-24,0.02263941730347874
2011-10-25,0.016460622705978988
2011-10-26,0.0073638735541752464
2011-10-27,0.003343556287883221
2011-10-28,0.015400526827008362
2011-10-31,-0.0020883678259330856
2011-11-01,0.000716850263673864
2011-11-02,0.01370713421233489
2011-11-03,0.001588125308850484
2011-11-04,0.00802167760091891
2011-11-07,-0.0073401162011294116
2011-11-08,-0.002377515261346
2011-11-09,0.008383825624359277
2011-11-10,-0.01813631995542181
2011-11-11,0.0006208901506155163
2011-11-14,0.019015342030490344
2011-11-15,0.0004151452969297929
2011-11-16,-0.025137813189058895
2011-11-17,-0.0015862040116797072
2011-11-18,-0.019055378085627357
2011-11-21,-0.0005919254098474754
2011-11-22,-0.0010398219568773651
2011-11-23,-0.007305011185462771
2011-11-24,0.0010390998741996473
2011-11-25,-0.007254462229204727
2011-11-28,0.0011798668245339582
2011-11-29,0.012245170125885952
2011-11-30,-0.03328724034628239
2011-12-01,0.022647977619984907
2011-12-02,-0.011037453653646525
2011-12-05,-0.011687667264338121
2011-12-06,-0.0031422133796524996
2011-12-07,0.0029278952106524016
2011-12-08,-0.0012482441487350242
2011-12-09,-0.006264699967625511
2011-12-12,-0.010302230777256945
2011-12-13,-0.01892072751762398
2011-12-14,-0.008965665101210172
2011-12-15,-0.02160005236978142
2011-12-16,0.019947367279144566
2011-12-19,-0.002970914255193203
2011-12-20,-0.0010419087265364137
2011-12-21,-0.011245659778988884
2011-12-22,-0.002215902858764487
2011-12-23,0.008417113377792856
2011-12-26,-0.006675959800985546
2011-12-27,-0.010972674089755774
2011-12-28,0.001752679048924376
2011-12-29,0.0016346004740074198
2011-12-30,0.011827312931770124
2012-01-04,-0.013747667198568807
2012-01-05,-0.009699370132043087
2012-01-06,0.006934406302205454
2012-01-09,0.028475777425478188
2012-01-10,0.026532987481656615
2012-01-11,-0.004248338732849882
2012-01-12,-0.0004570363906883703
2012-01-13,-0.013466026710872528
2012-01-16,-0.017251375424531885
2012-01-17,0.04093748107730409
2012-01-18,-0.014020682011911515
2012-01-19,0.013015120869817626
2012-01-20,0.009988837579571199
2012-01-30,-0.01480427371361716
2012-01-31,0.0033073768857479233
2012-02-01,-0.01075724793713481
2012-02-02,0.019421477401777118
2012-02-03,0.007689081748904599
2012-02-06,0.000313200547443496
2012-02-07,-0.016976250426922655
2012-02-08,0.023982543688114588
2012-02-09,0.000877133278295602
2012-02-10,0.0010166817492313278
2012-02-13,-5.5274106433795364e-05
2012-02-14,-0.0030149364279015837
2012-02-15,0.009309263722486052
2012-02-16,-0.004166355136370893
2012-02-17,0.00013576465218414935
2012-02-20,0.0027198911865525433
2012-02-21,0.007515267097850809
2012-02-22,0.009262305455720307
2012-02-23,0.0024765550331874516
2012-02-24,0.012406380386299392
2012-02-27,0.0030409155176762035
2012-02-28,0.0019596162158346054
2012-02-29,-0.00957725516893668
2012-03-01,-0.000980513406121503
2012-03-02,0.01415264679890612
2012-03-05,-0.006396675492963953
2012-03-06,-0.014231670862951882
2012-03-07,-0.006517907717588927
2012-03-08,0.010587691608623901
2012-03-09,0.007893467381783993
2012-03-12,-0.0018874433215720745
2012-03-13,0.008559241728021087
2012-03-14,-0.026640623832253376
2012-03-15,-0.007328469314935198
2012-03-16,0.012962381009550716
2012-03-19,0.0022596439046611203
2012-03-20,-0.013929559135138736
2012-03-21,0.0005720246463053665
2012-03-22,-0.0010223035532969725
2012-03-23,-0.011102031153318356
2012-03-26,0.0004510504018905597
2012-03-27,-0.00145600713706807
2012-03-28,-0.02690110102379412
2012-03-29,-0.014423750844725951
2012-03-30,0.0047088094625520474
2012-04-05,0.017283996859389715
2012-04-06,0.0018703396147043449
2012-04-09,-0.009045578876479866
2012-04-10,0.00874638604446928
2012-04-11,0.0013305049429712416
2012-04-12,0.01799700489814712
2012-04-13,0.003524404818445159
2012-04-16,-0.0009032715581102174
2012-04-17,-0.009394743460673443
2012-04-18,0.01944995832375291
2012-04-19,-0.0009328750876134076
2012-04-20,0.011798301727539262
2012-04-23,-0.007619759729488769
2012-04-24,0.00010047264012865341
2012-04-25,0.007498512919131752
2012-04-26,-0.0008770635976058249
2012-04-27,-0.00349092839033943
2012-05-02,0.017424263313169187
2012-05-03,0.0006723350777603843
2012-05-04,0.00487727071619642
2012-05-07,-2.4470020148368652e-05
2012-05-08,-0.0012528491710846997
2012-05-09,-0.016589263131638825
2012-05-10,0.0006806645873132122
2012-05-11,-0.006347298536193602
2012-05-14,-0.005967716754650637
2012-05-15,-0.0024770965464734718
2012-05-16,-0.012137330927033481
2012-05-17,0.013841256467560388
2012-05-18,-0.014553302222066147
2012-05-21,0.0016109720029738085
2012-05-22,0.010593943129138746
2012-05-23,-0.00416742039781548
2012-05-24,-0.005290175899874872
2012-05-25,-0.0074372957299778455
2012-05-28,0.01185124586312736
2012-05-29,0.011900767900647449
2012-05-30,-0.002081976995736834
2012-05-31,-0.005230308965577229
2012-06-01,0.0005099385444923574
2012-06-04,-0.02772075774971765
2012-06-05,0.0014587263190023077
2012-06-06,-0.0010256477734403343
2012-06-07,-0.007135003806233113
2012-06-08,-0.005106490817024153
2012-06-11,0.010642503077020665
2012-06-12,-0.006993598511266609
2012-06-13,0.01264144974565232
2012-06-14,-0.00995485883333655
2012-06-15,0.004736256355191975
2012-06-18,0.0039801908522651384
2012-06-19,-0.006610606203350592
2012-06-20,-0.003443872902444719
2012-06-21,-0.0140545512921328
2012-06-25,-0.01639728242937836
2012-06-26,-0.000917641725324312
2012-06-27,-0.0023158379352092233
2012-06-28,-0.009558694688437059
2012-06-29,0.013385494125272446
2012-07-02,0.0003055122520697585
2012-07-03,0.0013826231637177327
2012-07-04,-0.0008437114827883773
2012-07-05,-0.011723770776065626
2012-07-06,0.010047701103170527
2012-07-09,-0.024018139840121053
2012-07-10,-0.0029387023051776692
2012-07-11,0.0050416944358779225
2012-07-12,0.004636697774926778
2012-07-13,0.00018758335504386126
2012-07-16,-0.01750908855452174
2012-07-17,0.006140441418729609
2012-07-18,0.0036533390594257666
2012-07-19,0.007230264344283409
2012-07-20,-0.007442356356125749
2012-07-23,-0.012640422223578427
2012-07-24,0.0024207157826354494
2012-07-25,-0.004875393173258666
2012-07-26,-0.004762863431653219
2012-07-27,0.0012973706564551855
2012-07-30,-0.00889435802638116
2012-07-31,-0.002980868652068395
2012-08-01,0.0093353158090405
2012-08-02,-0.005752706830032157
2012-08-03,0.010188637565537336
2012-08-06,0.010317929454491769
2012-08-07,0.0012521624623910252
2012-08-08,0.0015606876675776215
2012-08-09,0.006048335774440676
2012-08-10,-0.00243615576481283
2012-08-13,-0.015206256456279515
2012-08-14,0.0030103327552601588
2012-08-15,-0.011062023363471044
2012-08-16,-0.003190624641668195
2012-08-17,0.0012727433592008791
2012-08-20,-0.0037566513855117954
2012-08-21,0.005353567504104006
2012-08-22,-0.004997667750188912
2012-08-23,0.002539816281017971
2012-08-24,-0.009973520131393505
2012-08-27,-0.017547059146773524
2012-08-28,0.008447902675316248
2012-08-29,-0.00965015643723348
2012-08-30,-0.00032149485641585183
2012-08-31,-0.0024682337352103186
2012-09-03,0.00566397158350037
2012-09-04,-0.007555851487926084
2012-09-05,-0.0029255190136222957
2012-09-06,0.006964034404659017
2012-09-07,0.0362938429703882
2012-09-10,0.003345339940879796
2012-09-11,-0.006739634106013315
2012-09-12,0.002825459250599006
2012-09-13,-0.00763292219002751
2012-09-14,0.006362453357366792
2012-09-17,-0.02158399970639734
2012-09-18,-0.009163822815313109
2012-09-19,0.004017091342908538
2012-09-20,-0.021009063146966944
2012-09-21,0.0009132353104013284
2012-09-24,0.0032020678216284084
2012-09-25,-0.0019200100421872916
2012-09-26,-0.01245596821697595
2012-09-27,0.025687967541252063
2012-09-28,0.014411871438208372
2012-10-08,-0.005648252405595336
2012-10-09,0.019481957092712353
2012-10-10,0.002224232765995292
2012-10-11,-0.008084708039462344
2012-10-12,0.0009791340674830489
2012-10-15,-0.0029641070034049618
2012-10-16,5.2412025236520887e-05
2012-10-17,0.003239443137518871
2012-10-18,0.01230513177039772
2012-10-19,-0.0015915533677704214
2012-10-22,0.0020933765911425426
2012-10-23,-0.008622184179003657
2012-10-24,0.000728056688205096
2012-10-25,-0.006833345301867206
2012-10-26,-0.016973431561065736
2012-10-29,-0.0035247239623660944
2012-10-30,0.0016548220475492883
2012-10-31,0.003161288738832195
2012-11-01,0.017037248569750123
2012-11-02,0.005978963583844488
2012-11-05,-0.0014275317473827864
2012-11-06,-0.0038056647424758016
2012-11-07,-0.000128213347185039
2012-11-08,-0.016384390421186938
2012-11-09,-0.0011785789828671384
2012-11-12,0.004917639612806167
2012-11-13,-0.015206875776073372
2012-11-14,0.003670211830306927
2012-11-15,-0.012301566634141173
2012-11-16,-0.007698412066705878
2012-11-19,0.0011211152797658043
2012-11-20,-0.004004078972946465
2012-11-21,0.010596151864954695
2012-11-22,-0.0072715369846670565
2012-11-23,0.005822439952125991
2012-11-26,-0.004905024618519229
2012-11-27,-0.013116888781386915
2012-11-28,-0.008903655317451402
2012-11-29,-0.005095248271923922
2012-11-30,0.008433946853888116
2012-12-03,-0.01033032951261712
2012-12-04,0.0078121624987757664
2012-12-05,0.02833695548002697
2012-12-06,-0.001314898678794645
2012-12-07,0.015913198819463955
2012-12-10,0.010604215579757433
2012-12-11,-0.00436218820023266
2012-12-12,0.003862968221065865
2012-12-13,-0.010255361693805125
2012-12-14,0.04233200121713704
2012-12-17,0.00450944405488059
2012-12-18,0.0009808458267621665
2012-12-19,-0.00010174116132447891
2012-12-20,0.0028217882802266656
2012-12-21,-0.0069603165075202075
2012-12-24,0.0026621169799758426
2012-12-25,0.024956356874028727
2012-12-26,0.0024905601742168243
2012-12-27,-0.00597963829445148
2012-12-28,0.01232233471166219
2012-12-31,0.01593857451875485
2013-01-04,0.0034578972098704133
2013-01-07,0.0036691658422900513
2013-01-08,-0.0040732896678142005
2013-01-09,-0.0003207797171689034
2013-01-10,0.003649927280790994
2013-01-11,-0.017965163528463234
2013-01-14,0.03018623220092073
2013-01-15,0.006011981656682255
2013-01-16,-0.006981418507151255
2013-01-17,-0.010704414626589397
2013-01-18,0.013976820212310604
2013-01-21,0.004800570648154209
2013-01-22,-0.005633866250762839
2013-01-23,0.0024891892793535287
2013-01-24,-0.007920430893561993
2013-01-25,-0.004919577174267086
2013-01-28,0.023805514169175392
2013-01-29,0.005304465968547164
2013-01-30,0.009912639746556583
2013-01-31,0.001233247497900674
2013-02-01,0.013987290007660741
2013-02-04,0.003767151058167217
2013-02-05,0.002048843819763893
2013-02-06,0.0005546870166728666
2013-02-07,-0.00657326378075533
2013-02-08,0.0057185066769684335
2013-02-18,-0.004466463679494612
2013-02-19,-0.016089530700861637
2013-02-20,0.0059706166167166445
2013-02-21,-0.030164488765447126
2013-02-22,-0.005081787014798576
2013-02-25,0.005025894311576569
2013-02-26,-0.014063394781847443
2013-02-27,0.008631223046359294
2013-02-28,0.022386968993819263
2013-03-01,-0.0025734919284596406
2013-03-04,-0.0371774620909074
2013-03-05,0.023006812955859213
2013-03-06,0.008931286353216196
2013-03-07,-0.009799991521165518
2013-03-08,-0.002446747866051414
2013-03-11,-0.003464965015120011
2013-03-12,-0.010436905051479163
2013-03-13,-0.009946088755982007
2013-03-14,0.002783262534440837
2013-03-15,0.003570270331328393
2013-03-18,-0.016988647837002022
2013-03-19,0.007742203677797574
2013-03-20,0.026205923878297278
2013-03-21,0.0029601819268020996
2013-03-22,0.0017366936694187826
2013-03-25,-0.0006702470712783707
2013-03-26,-0.01256398449806728
2013-03-27,0.0015612330386430447
2013-03-28,-0.028634084569596114
2013-03-29,0.00014308326576179968
2013-04-01,-0.000993062067466345
2013-04-02,-0.0029851169822381223
2013-04-03,-0.0011003744628757335
2013-04-08,-0.006175530345609383
2013-04-09,0.006391209308310718
2013-04-10,0.00016172870045809738
2013-04-11,-0.002960179232359659
2013-04-12,-0.005770033155947209
2013-04-15,-0.011320050154282791
2013-04-16,0.005899317737920135
2013-04-17,-0.0004785070671092943
2013-04-18,0.0017306558038301311
2013-04-19,0.021179296189397966
2013-04-22,-0.0011010050568281548
2013-04-23,-0.026038866863508543
2013-04-24,0.015344872574506547
2013-04-25,-0.008606477836031705
2013-04-26,-0.009777973463534482
2013-05-02,-0.0017417163751648809
2013-05-03,0.01433025559509339
2013-05-06,0.011571870998435922
2013-05-07,0.001970117545756583
2013-05-08,0.004788189081937687
2013-05-09,-0.00595188026223608
2013-05-10,0.006187795983551996
2013-05-13,-0.0021876923233730425
2013-05-14,-0.011173200363018653
2013-05-15,0.003507582713706476
2013-05-16,0.012067313331145336
2013-05-17,0.013699086038242027
2013-05-20,0.007471351792559793
2013-05-21,0.002223622553105281
2013-05-22,-0.0011763405017039224
2013-05-23,-0.011677542611777668
2013-05-24,0.005635175509826402
2013-05-29,0.01538875475559895
2013-05-30,-0.002701557299659216
2013-05-31,-0.007431275726795953
2013-06-03,-0.000582628977488782
2013-06-04,-0.011737639871183602
2013-06-05,-0.0006559037069202125
2013-06-06,-0.012772052439857177
2013-06-07,-0.014017714333672125
2013-06-13,-0.028699566804187972
2013-06-14,0.006352114788623153
2013-06-17,-0.0026955317762048124
2013-06-18,0.0014227753001990965
2013-06-19,-0.007362783509067486
2013-06-20,-0.028117959674345726
2013-06-21,-0.0052584729227421545
2013-06-24,-0.05444917181996274
2013-06-25,-0.0018966340441316054
2013-06-26,-0.004101258625200207
2013-06-27,-0.0007586825943819553
2013-06-28,0.014863274422171236
2013-07-01,0.008066568668345514
2013-07-02,0.005657469235451311
2013-07-03,-0.006143744501894562
2013-07-04,0.005914470154197433
2013-07-05,0.000548177324170048
2013-07-08,-0.024679285656457304
2013-07-09,0.0036597963229487813
2013-07-10,0.021482714033161918
2013-07-11,0.031788068745602
2013-07-12,-0.016292232914415283
2013-07-15,0.009710045844570433
2013-07-16,0.003069011477721857
2013-07-17,-0.010120164998043451
2013-07-18,-0.010579404135511622
2013-07-19,-0.015313853632333188
2013-07-22,0.006058941688376832
2013-07-23,0.019325609357482256
2013-07-24,-0.005175119037629
2013-07-25,-0.005998291507808996
2013-07-26,-0.005119033405520228
2013-07-29,-0.017326048640238245
2013-07-30,0.0069333194236626036
2013-07-31,0.0018775765708214179
2013-08-01,0.017535194395681564
2013-08-02,0.00017247794173084064
2013-08-05,0.01032387413992495
2013-08-06,0.004874759712931204
2013-08-07,-0.006680845246075866
2013-08-08,-0.0009189380070272365
2013-08-09,0.0035829909900405095
2013-08-12,0.023614803321040365
2013-08-13,0.0023197013805443287
2013-08-14,-0.0028623750613366323
2013-08-15,-0.008732677529820546
2013-08-16,-0.006471797122311281
2013-08-19,0.008257049115366264
2013-08-20,-0.006257550738481155
2013-08-21,0.00017850466209901384
2013-08-22,-0.002821203393881975
2013-08-23,-0.004684121856041811
2013-08-26,0.018782765651890156
2013-08-27,0.0033809234022198144
2013-08-28,-0.0010797005474707888
2013-08-29,-0.001938774416224511
2013-08-30,0.0005481920525497956
2013-09-02,3.335851106972205e-05
2013-09-03,0.011683017885467047
2013-09-04,0.0021219892547003523
2013-09-05,-0.0024423254219795324
2013-09-06,0.008239497442574822
2013-09-09,0.033330981281467865
2013-09-10,0.011441535892197168
2013-09-11,0.0014689961898254537
2013-09-12,0.006373343461753795
2013-09-13,-0.00862907251590324
2013-09-16,-0.002157749258044431
2013-09-17,-0.020757102560626777
2013-09-18,0.002873847471035007
2013-09-23,0.013229618568211345
2013-09-24,-0.006101311217952469
2013-09-25,-0.004094385253392824
2013-09-26,-0.019613335180358966
2013-09-27,0.0019555874846551285
2013-09-30,0.006754818402932145
2013-10-08,0.010761914761217815
2013-10-09,0.006154256301126443
2013-10-10,-0.00946698873262548
2013-10-11,0.016845533532767364
2013-10-14,0.004308189523917673
2013-10-15,-0.0019502687800338747
2013-10-16,-0.018227176826845916
2013-10-17,-0.0020677338302633815
2013-10-18,0.002391428511503699
2013-10-21,0.016034636856966676
2013-10-22,-0.008374130276571709
2013-10-23,-0.01253612426187583
2013-10-24,-0.008644241311981623
2013-10-25,-0.014595537975516928
2013-10-28,0.0004265461777464786
2013-10-29,-0.002350607383923146
2013-10-30,0.014734536808590592
2013-10-31,-0.008763279366488196
2013-11-01,0.003705287413718304
2013-11-04,3.256427373813838e-05
2013-11-05,0.0035338925575757363
2013-11-06,-0.008206057429353514
2013-11-07,-0.004783319536465521
2013-11-08,-0.010988109696642186
2013-11-11,0.0015845908999311052
2013-11-12,0.008167665748200251
2013-11-13,-0.018426462874525595
2013-11-14,0.006002238411880169
2013-11-15,0.016675157528460688
2013-11-18,0.02833759502331108
2013-11-19,-0.001867737438050129
2013-11-20,0.006132213691834383
2013-11-21,-0.00038074690309895733
2013-11-22,-0.004266103718053522
2013-11-25,-0.00468684186370975
2013-11-26,-0.0013915656899320305
2013-11-27,0.00821146274620203
2013-11-28,0.008279766061990431
2013-11-29,0.0005090239238531954
2013-12-02,-0.005930634135360122
2013-12-03,0.006907414304713643
2013-12-04,0.013002956742821616
2013-12-05,-0.002089437545809157
2013-12-06,-0.004437840817792505
2013-12-09,0.0004871171031963279
2013-12-10,-0.0003172695186466196
2013-12-11,-0.0150036810806438
2013-12-12,-0.0006217423963097789
2013-12-13,-0.0030598791285049295
2013-12-16,-0.016163108673404408
2013-12-17,-0.004536249006573271
2013-12-18,-0.0013025196289043173
2013-12-19,-0.00958363956953787
2013-12-20,-0.02041575164550204
2013-12-23,0.0023571696145941604
2013-12-24,0.0015301416931758083
2013-12-25,0.006401149674776976
2013-12-26,-0.01591152017937983
2013-12-27,0.01348733418375869
2013-12-30,-0.001771943742388527
2013-12-31,0.008757600157243329
2014-01-02,-0.0031192559909584716
2014-01-03,-0.012522435390570876
2014-01-06,-0.018131453271089167
2014-01-07,0.0007867032897565236
2014-01-08,-0.001456621775465504
2014-01-09,-0.008212307571329324
2014-01-10,-0.0070875245957202826
2014-01-13,-0.0018593742151188318
2014-01-14,0.008562137333541251
2014-01-15,-0.0017233763669272431
2014-01-16,0.00017296549381540482
2014-01-17,-0.009308396303752964
2014-01-20,-0.0068565405496024785
2014-01-21,0.00853099014173379
2014-01-22,0.021399515143828957
2014-01-23,-0.004675222796440559
2014-01-24,0.005961102169168575
2014-01-27,-0.010318877966253104
2014-01-28,0.0025590598987992523
2014-01-29,0.005576740914593786
2014-01-30,-0.008244005162329836
2014-02-07,0.005601376237337783
2014-02-10,0.020128652239975543
2014-02-11,0.008401525405141002
2014-02-12,0.0029855514946344024
2014-02-13,-0.005493840391783961
2014-02-14,0.008281473444010671
2014-02-17,0.009206725630425726
2014-02-18,-0.007686035454214408
2014-02-19,0.011019395249610698
2014-02-20,-0.0017611354296065633
2014-02-21,-0.011800337753646204
2014-02-24,-0.017659955233921464
2014-02-25,-0.02066282698722061
2014-02-26,0.0034499122665730612
2014-02-27,0.002983908685639324
2014-02-28,0.0043619773571586555
2014-03-03,0.009168558299519592
2014-03-04,-0.0018183094736372734
2014-03-05,-0.008917395528797582
2014-03-06,0.0031609738768584496
2014-03-07,-0.0008111738421087095
2014-03-10,-0.029013834601844608
2014-03-11,0.0010499423496289854
2014-03-12,-0.0017354993915539856
2014-03-13,0.010665307230225253
2014-03-14,-0.0073419907531097955
2014-03-17,0.009597865143409748
2014-03-18,0.0007557664596916963
2014-03-19,-0.0017148805886861617
2014-03-20,-0.014071725341954663
2014-03-21,0.026796287903333958
2014-03-24,0.009071746017647589
2014-03-25,0.0004983561607790659
2014-03-26,-0.0017622941491153708
2014-03-27,-0.00831095760968424
2014-03-28,-0.00238730147869665
2014-03-31,-0.004122684991763825
2014-04-01,0.006934993499244058
2014-04-02,0.005615570772571065
2014-04-03,-0.007453680774938744
2014-04-04,0.007375969753048369
2014-04-08,0.01898010122216479
2014-04-09,0.00331151337942891
2014-04-10,0.013709249180390222
2014-04-11,-0.001763255350341543
2014-04-14,0.0004692544571428815
2014-04-15,-0.014145763784993869
2014-04-16,0.0016735132461979487
2014-04-17,-0.002963839077707661
2014-04-18,-0.0005432917896415226
2014-04-21,-0.015333259064097118
2014-04-22,0.003382740633462859
2014-04-23,-0.002632718218603278
2014-04-24,-0.005018910208199396
2014-04-25,-0.010020726081567495
2014-04-28,-0.016351809012717277
2014-04-29,0.008375154264787816
2014-04-30,0.0029752659899951995
2014-05-05,0.0004884414621086889
2014-05-06,0.00034028786708970206
2014-05-07,-0.008895287126330885
2014-05-08,0.0025786591853632747
2014-05-09,-0.0020514559860597935
2014-05-12,0.02053708859074978
2014-05-13,-0.0010429867404204041
2014-05-14,-0.001376066424465785
2014-05-15,-0.011264875265190611
2014-05-16,0.000755281452278983
2014-05-19,-0.010576334796180956
2014-05-20,0.00146512870999784
2014-05-21,0.00834604789559792
2014-05-22,-0.0018090874482003946
2014-05-23,0.0065485729083578055
2014-05-26,0.003390540655607369
2014-05-27,-0.0033954557111596593
2014-05-28,0.007672402678620054
2014-05-29,-0.004713000251261009
2014-05-30,-0.0006765037759843617
2014-06-03,-0.0004414448069491145
2014-06-04,-0.006635286727503345
2014-06-05,0.007895340973586747
2014-06-06,-0.005364998964691356
2014-06-09,0.0002659797181519934
2014-06-10,0.010791110414972554
2014-06-11,0.001178338192765344
2014-06-12,-0.0015779249668872366
2014-06-13,0.009222781101697872
2014-06-16,0.007342395918145617
2014-06-17,-0.009285636519786946
2014-06-18,-0.005424274983960237
2014-06-19,-0.01558651398389542
2014-06-20,0.0014517087281884953
2014-06-23,-0.0011404508238009453
2014-06-24,0.004716280866586483
2014-06-25,-0.004153298427632789
2014-06-26,0.006485955939078348
2014-06-27,-0.0010649811199470373
2014-06-30,0.005787268529524484
2014-07-01,0.0010003148165843132
2014-07-02,0.004399247933983764
2014-07-03,0.0018483262390347126
2014-07-04,-0.0018677493719866207
2014-07-07,0.00026703501473198684
2014-07-08,0.00198353585323753
2014-07-09,-0.012387334427520347
2014-07-10,-0.00013245195569960985
2014-07-11,0.004220014585196659
2014-07-14,0.009573173137462027
2014-07-15,0.001793566365347002
2014-07-16,-0.00148877165190126
2014-07-17,-0.0056708221833108256
2014-07-18,0.0016915131893050015
2014-07-21,-0.0022316499884285595
2014-07-22,0.010169677666994312
2014-07-23,0.0014492163047912367
2014-07-24,0.012702301753985519
2014-07-25,0.010185192274487727
2014-07-28,0.023854904840558747
2014-07-29,0.0024030425629909193
2014-07-30,-0.0008935875382381327
2014-07-31,0.009272677556314727
2014-08-01,-0.007413081093215521
2014-08-04,0.017252953113954146
2014-08-05,-0.0015213988998942273
2014-08-06,-0.001117766746537309
2014-08-07,-0.013529855845744178
2014-08-08,0.0030852811950189147
2014-08-11,0.013677268163177159
2014-08-12,-0.0013764441339750384
2014-08-13,0.0005804966784454095
2014-08-14,-0.0074096989764447395
2014-08-15,0.009140188147749645
2014-08-18,0.005705089138485747
2014-08-19,0.0026132729820386763
2014-08-20,-0.0022828922375519776
2014-08-21,-0.004361769246145574
2014-08-22,0.0046295654191533505
2014-08-25,-0.005163230025863808
2014-08-26,-0.00999021017359472
2014-08-27,0.0010687003177194982
2014-08-28,-0.006197114689286711
2014-08-29,0.009689585488838495
2014-09-01,0.00822425139057952
2014-09-02,0.013568837721614718
2014-09-03,0.009915157590436784
2014-09-04,0.007933907211943475
2014-09-05,0.00844761125662809
2014-09-09,4.2983391224389925e-05
2014-09-10,-0.0035437286672287322
2014-09-11,-0.0028596255323914484
2014-09-12,0.00873029450874112
2014-09-15,0.0030785130144984733
2014-09-16,-0.018375343640722106
2014-09-17,0.004925690389268957
2014-09-18,0.003477647530829515
2014-09-19,0.005820853481986892
2014-09-22,-0.01713714081512168
2014-09-23,0.008631257669906552
2014-09-24,0.014549102721605913
2014-09-25,0.0006526371249443156
2014-09-26,0.0011165995168008964
2014-09-29,0.004246164541773515
2014-09-30,0.002609297521166686
2014-10-08,0.007971963528263286
2014-10-09,0.0027576628486523135
2014-10-10,-0.0062259983520448325
2014-10-13,-0.003598742426917855
2014-10-14,-0.0027637363136835693
2014-10-15,0.0059960248517734425
2014-10-16,-0.007259813246392864
2014-10-17,-0.0065223916109204555
2014-10-20,0.006619989224524259
2014-10-21,-0.00726944532788475
2014-10-22,-0.005619136084887217
2014-10-23,-0.010425739881333773
2014-10-24,-6.0807435899360724e-05
2014-10-27,-0.0051559974175827625
2014-10-28,0.020496319576748613
2014-10-29,0.014927361174333064
2014-10-30,0.007577527121556193
2014-10-31,0.012096770847514794
2014-11-03,0.004061685387445339
2014-11-04,0.0002674506415211003
2014-11-05,-0.004713478817868539
2014-11-06,0.0027285259161806256
2014-11-07,-0.0031750449358002412
2014-11-10,0.022691822086971097
2014-11-11,-0.001618339370954565
2014-11-12,0.009995752172696395
2014-11-13,-0.0035621883859212936
2014-11-14,-0.002735461768617669
2014-11-17,-0.0019423244941552966
2014-11-18,-0.007155665595412471
2014-11-19,-0.002192625833609504
2014-11-20,0.0006811253105601205
2014-11-21,0.013819572292002513
2014-11-24,0.018364273069909263
2014-11-25,0.013614615212721917
2014-11-26,0.014207673723905842
2014-11-27,0.009990856443468143
2014-11-28,0.01970206690486524
2014-12-01,-0.0009957132944855588
2014-12-02,0.030635972351595802
2014-12-03,0.005765784339430103
2014-12-04,0.04224626183295465
2014-12-05,0.013085429239131498
2014-12-08,0.02773297839989345
2014-12-09,-0.05582634257219868
2014-12-10,0.02889640488130345
2014-12-11,-0.004865542565479892
2014-12-12,0.004239498429336842
2014-12-15,0.005176882321566372
2014-12-16,0.022796195135655527
2014-12-17,0.012988177727980712
2014-12-18,-0.001144063904708361
2014-12-19,0.016568334216959208
2014-12-22,0.00604551195423997
2014-12-23,-0.030794341141140737
2014-12-24,-0.020010192833170647
2014-12-25,0.0330911390411229
2014-12-26,0.02730766427878817
2014-12-29,0.0032945416970646137
2014-12-30,-0.0006978400398133961
2014-12-31,0.02152105795293391
2015-01-05,0.03518555269490655
2015-01-06,0.00027753033987591485
2015-01-07,0.006691076796812359
2015-01-08,-0.02414548091777817
2015-01-09,-0.0024472300007681766
2015-01-12,-0.01721986513473403
2015-01-13,0.0018500706014199085
2015-01-14,-0.0039828227831138025
2015-01-15,0.03477152810553404
2015-01-16,0.011929305353919086
2015-01-19,-0.08017722484041291
2015-01-20,0.01803082524232522
2015-01-21,0.046358271155145125
2015-01-22,0.005918765731875622
2015-01-23,0.0025152736894639995
2015-01-26,0.009330514584494557
2015-01-27,-0.008972557797987937
2015-01-28,-0.014183186379584455
2015-01-29,-0.013227883330345388
2015-01-30,-0.016049387701387207
2015-02-02,-0.025893354373764
2015-02-03,0.024194282842524076
2015-02-04,-0.009650429807657334
2015-02-05,-0.01191648573699993
2015-02-06,-0.019516300872731103
2015-02-09,0.006225885160465872
2015-02-10,0.014902363586994706
2015-02-11,0.005114873302348085
2015-02-12,0.00496595619907114
2015-02-13,0.009537098435199733
2015-02-16,0.005767041235023448
2015-02-17,0.007589764486300199
2015-02-25,-0.00558083523923609
2015-02-26,0.0213024356412115
2015-02-27,0.003613444477910194
2015-03-02,0.007817594105046061
2015-03-03,-0.02219407301217361
2015-03-04,0.005037778629869305
2015-03-05,-0.009512924813954158
2015-03-06,-0.002246648309178262
2015-03-09,0.018711958638626403
2015-03-10,-0.004960183077625708
2015-03-11,0.0014687617149834091
2015-03-12,0.017596256559489647
2015-03-13,0.007018533086933928
2015-03-16,0.022395438660824538
2015-03-17,0.015405610953057279
2015-03-18,0.021031403065257727
2015-03-19,0.0013883517580844543
2015-03-20,0.00973674248302927
2015-03-23,0.01927767243691017
2015-03-24,0.0009974062844931948
2015-03-25,-0.008345917809707837
2015-03-26,0.0058179446725538375
2015-03-27,0.002443990860074305
2015-03-30,0.025536079520432017
2015-03-31,-0.010264913006276051
2015-04-01,0.016509618603780994
2015-04-02,0.0040570663304124914
2015-04-03,0.009922432186197174
2015-04-07,0.024907649163985454
2015-04-08,0.00840356922980754
2015-04-09,-0.009375925350369577
2015-04-10,0.01921519009406692
2015-04-13,0.02143284241466568
2015-04-14,0.003354622772031322
2015-04-15,-0.012506671756145437
2015-04-16,0.02673435396232021
2015-04-17,0.021806733399212803
2015-04-20,-0.016514218756897705
2015-04-21,0.017987254548579443
2015-04-22,0.02413110024027383
2015-04-23,0.003635542413461289
2015-04-24,-0.00472742189656564
2015-04-27,0.029978402564315453
2015-04-28,-0.011371117047691955
2015-04-29,9.159115057173318e-05
2015-04-30,-0.007842368358225497
2015-05-04,0.008699790695695965
2015-05-05,-0.041410742036723895
2015-05-06,-0.01628557635757435
2015-05-07,-0.028068804445195963
2015-05-08,0.022532459764892036
2015-05-11,0.029900933597656606
2015-05-12,0.01548778496821652
2015-05-13,-0.005801556209797033
2015-05-14,0.000582586173545383
2015-05-15,-0.016028891582582302
2015-05-18,-0.005865815719951382
2015-05-19,0.03081714588706346
2015-05-20,0.006484796818507924
2015-05-21,0.018523855392337352
2015-05-22,0.027906398031588807
2015-05-25,0.03298649899630645
2015-05-26,0.019970431392622525
2015-05-27,0.006254200750413606
2015-05-28,-0.06725828020411666
2015-05-29,-0.0018479188015084306
2015-06-01,0.04598033792394067
2015-06-02,0.016796314887648867
2015-06-03,-0.00011201047615150475
2015-06-04,0.007531677834164014
2015-06-05,0.015245726678458388
2015-06-08,0.021424790792206133
2015-06-09,-0.0035820957133701637
2015-06-10,-0.0014658153603514625
2015-06-11,0.003040785007231757
2015-06-12,0.008701505339465714
2015-06-15,-0.020209225183929626
2015-06-16,-0.03529061491397208
2015-06-17,0.016330612645833055
2015-06-18,-0.03743595841949691
2015-06-19,-0.06630434920679627
2015-06-23,0.0216754207865581
2015-06-24,0.024532236124797074
2015-06-25,-0.03523281174109733
2015-06-26,-0.07684628949446426
2015-06-29,-0.033920714110335766
2015-06-30,0.05383851630238759
2015-07-01,-0.05367322154074505
2015-07-02,-0.03538448123503602
2015-07-03,-0.059454141910615266
2015-07-06,0.023849992094170384
2015-07-07,-0.013005595796781545
2015-07-08,-0.06082067040659034
2015-07-09,0.056036120268484584
2015-07-10,0.04441671519621572
2015-07-13,0.023596344135233743
2015-07-14,-0.011627920163815437
2015-07-15,-0.030736463630110147
2015-07-16,0.004582594192132088
2015-07-17,0.034492072290134686
2015-07-20,0.008745303841460151
2015-07-21,0.006384708428635507
2015-07-22,0.002078640979576844
2015-07-23,0.024020904736447045
2015-07-24,-0.012937605638269614
2015-07-27,-0.08864938558345957
2015-07-28,-0.016934692306055845
2015-07-29,0.03386451395275637
2015-07-30,-0.022255933334017982
2015-07-31,-0.011409310275101956
2015-08-03,-0.011204183827670803
2015-08-04,0.0362207506675132
2015-08-05,-0.01663414682958213
2015-08-06,-0.00898035020675753
2015-08-07,0.022326822842147896
2015-08-10,0.04802666263380722
2015-08-11,-0.0001298316136711463
2015-08-12,-0.010644783354912538
2015-08-13,0.017406648999234952
2015-08-14,0.002719736420272563
2015-08-17,0.007121527773478752
2015-08-18,-0.0634455547448015
2015-08-19,0.012184811340230948
2015-08-20,-0.03481527208817908
2015-08-21,-0.043662636693824315
2015-08-24,-0.08872905609190808
2015-08-25,-0.07937598501103606
2015-08-26,-0.012789833998954572
2015-08-27,0.05201742227923937
2015-08-28,0.047114924239952075
2015-08-31,-0.008188491843987074
2015-09-01,-0.012356162043213987
2015-09-02,-0.0020389493675485363
2015-09-07,-0.025559872294972086
2015-09-08,0.028807582325203952
2015-09-09,0.022653045371130043
2015-09-10,-0.01403536169912694
2015-09-11,0.0007314649004185527
2015-09-14,-0.027057737502102743
2015-09-15,-0.03583080595431203
2015-09-16,0.0477855171370045
2015-09-17,-0.02122445950722344
2015-09-18,0.0038357221534067033
2015-09-21,0.018745572459264292
2015-09-22,0.00917044155138733
2015-09-23,-0.02213210684364413
2015-09-24,0.008564295354040574
2015-09-25,-0.016147801408731413
2015-09-28,0.0027159230724186642
2015-09-29,-0.02040175667320155
2015-09-30,0.004807164826583373
2015-10-08,0.029239640616681113
2015-10-09,0.012578981038663624
2015-10-12,0.03230479297806533
2015-10-13,0.001692780560098245
2015-10-14,-0.009393464406093751
2015-10-15,0.022917413985763923
2015-10-16,0.015835276547432733
2015-10-19,-0.00137207625482406
2015-10-20,0.011341821484279863
2015-10-21,-0.031028236204852764
2015-10-22,0.014369205977751875
2015-10-23,0.012885860269521458
2015-10-26,0.005013157220593864
2015-10-27,0.001386962774348806
2015-10-28,-0.01737018564712534
2015-10-29,0.0035815142439196237
2015-10-30,-0.0014032768072265015
2015-11-02,-0.01713908529593232
2015-11-03,-0.0025234212656080755
2015-11-04,0.04219422471052805
2015-11-05,0.018097267821525237
2015-11-06,0.018898753776035275
2015-11-09,0.015711448517457705
2015-11-10,-0.0017537195552636928
2015-11-11,0.0026773704261096078
2015-11-12,-0.004764431000355377
2015-11-13,-0.014433817637989196
2015-11-16,0.0072679025506197864
2015-11-17,-0.0005990216159685552
2015-11-18,-0.010129358195848988
2015-11-19,0.01352460866525448
2015-11-20,0.003708838672915815
2015-11-23,-0.005576738604036219
2015-11-24,0.0016052211870945033
2015-11-25,0.008761021010267335
2015-11-26,-0.0033994771516902313
2015-11-27,-0.05636509514261684
2015-11-30,0.0026446968929486497
2015-12-01,0.0031615379630300948
2015-12-02,0.023051918613823927
2015-12-03,0.013454798979052666
2015-12-04,-0.01683066420526315
2015-12-07,0.0033815198635784535
2015-12-08,-0.01908435257839353
2015-12-09,0.0006827502134138568
2015-12-10,-0.004890352330062194
2015-12-11,-0.0060725170930339975
2015-12-14,0.024756664950286115
2015-12-15,-0.002935564800294714
2015-12-16,0.001662269436942905
2015-12-17,0.017984783369396806
2015-12-18,-0.00029054499740638356
2015-12-21,0.017589767536524692
2015-12-22,0.0025499586082369783
2015-12-23,-0.004303053075821836
2015-12-24,-0.006511643215513391
2015-12-25,0.004259439620331653
2015-12-28,-0.0262886053344239
2015-12-29,0.008442435653300032
2015-12-30,-0.0007298368857888949
2015-12-31,-0.006185656426765981
2016-01-04,-0.07110656946405025
2016-01-05,-0.0025972186404859708
2016-01-06,0.022297169343394232
2016-01-07,-0.07305415994577527
2016-01-08,0.019460608029944235
2016-01-11,-0.05473137251187482
2016-01-12,0.00203988440748865
2016-01-13,-0.024533835176125132
2016-01-14,0.01948947499688784
2016-01-15,-0.03611387911052383
2016-01-18,0.004426635097530674
2016-01-19,0.031717167259866966
2016-01-20,-0.010377021246183608
2016-01-21,-0.032854998008200534
2016-01-22,0.012447892676915557
2016-01-25,0.007497810557504851
2016-01-26,-0.06637810503533043
2016-01-27,-0.005188377012127533
2016-01-28,-0.029642956742384843
2016-01-29,0.030388412784039
2016-02-01,-0.01796803124387545
2016-02-02,0.022330942904132012
2016-02-03,-0.0037603755126828053
2016-02-04,0.01513360658027949
2016-02-05,-0.006323393198613645
2016-02-15,-0.006276235779517181
2016-02-16,0.032377437875189055
2016-02-17,0.010789194950716958
2016-02-18,-0.0015531665900221773
2016-02-19,-0.0010029863270948074
2016-02-22,0.023210884417327896
2016-02-23,-0.008181148141614183
2016-02-24,0.008768571827581497
2016-02-25,-0.06621290516763756
2016-02-26,0.009425571645534071
2016-02-29,-0.02904961023846285
2016-03-01,0.016672125562037902
2016-03-02,0.04174459955578471
2016-03-03,0.0035309979518388874
2016-03-04,0.005019273134986771
2016-03-07,0.00803609632815172
2016-03-08,0.001396857814912524
2016-03-09,-0.013473603145369072
2016-03-10,-0.020409051702179853
2016-03-11,0.001987519888321001
2016-03-14,0.01735198682771695
2016-03-15,0.0017016463249972427
2016-03-16,0.0021134136345090024
2016-03-17,0.011913024465324972
2016-03-18,0.017174542192998875
2016-03-21,0.021309990437512354
2016-03-22,-0.006460468852592381
2016-03-23,0.0035278570599555623
2016-03-24,-0.016409872280070865
2016-03-25,0.0062150896982312515
2016-03-28,-0.007279496544023036
2016-03-29,-0.012927115102770736
2016-03-30,0.02730353645863806
2016-03-31,0.0010891705228733904
2016-04-01,0.0018658180004811772
2016-04-05,0.014363721367871656
2016-04-06,-0.0008126272225107979
2016-04-07,-0.013919990534526
2016-04-08,-0.007828677580361775
2016-04-11,0.01628235050403729
2016-04-12,-0.003403986045739525
2016-04-13,0.014117788818834036
2016-04-14,0.005113037647590604
2016-04-15,-0.0013765163329789464
2016-04-18,-0.014549209647528481
2016-04-19,0.0030149056488087914
2016-04-20,-0.023354454419571943
2016-04-21,-0.006645910779224841
2016-04-22,0.0021481267975542112
2016-04-25,-0.004256759409030886
2016-04-26,0.006100127689632158
2016-04-27,-0.0037273819549386617
2016-04-28,-0.0027393283403812163
2016-04-29,-0.00247114714520185
2016-05-03,0.018317951529769883
2016-05-04,-0.0004578945953187014
2016-05-05,0.00219398295754281
2016-05-06,-0.02862273287239081
2016-05-09,-0.028247279586176177
2016-05-10,0.00016947058137194558
2016-05-11,0.0015697676616626668
2016-05-12,-0.00041601297996369017
2016-05-13,-0.003090253687834552
2016-05-16,0.008365714687530348
2016-05-17,-0.0025217151182816773
2016-05-18,-0.012801018517626236
2016-05-19,-0.00021373534658417442
2016-05-20,0.006594027504170081
2016-05-23,0.006410176594157142
2016-05-24,-0.007759530012461732
2016-05-25,-0.0023346755898089127
2016-05-26,0.0026075264041188154
2016-05-27,-0.0004926029914495377
2016-05-30,0.0004961460188601172
2016-05-31,0.03282010948049198
2016-06-01,-0.0010668716803868966
2016-06-02,0.004014570178055977
2016-06-03,0.004587390866156502
2016-06-06,-0.0015597386343478908
2016-06-07,0.0006609723347755697
2016-06-08,-0.003029064943946113
2016-06-13,-0.032671740361327285
2016-06-14,0.0032139524358042017
2016-06-15,0.015715756135561542
2016-06-16,-0.004996512149187915
2016-06-17,0.004265435649839175
2016-06-20,0.0012850912156843514
2016-06-21,-0.0035544835139209112
2016-06-22,0.009332532020823243
2016-06-23,-0.004688228184774579
2016-06-24,-0.01311134727675259
2016-06-27,0.014403752331845572
2016-06-28,0.005805541540679294
2016-06-29,0.006512518419183936
2016-06-30,-0.0006756295896124834
2016-07-01,0.0009791730353195108
2016-07-04,0.01895656892227129
2016-07-05,0.0059349731090159496
2016-07-06,0.00361905409880372
2016-07-07,-0.00014583685522048044
2016-07-08,-0.009578853378868879
2016-07-11,0.002283132726467831
2016-07-12,0.018020771241528805
2016-07-13,0.0037020894743920243
2016-07-14,-0.00218162517780308
2016-07-15,9.16782356512281e-05
2016-07-18,-0.0035225508967029373
2016-07-19,-0.0022894144364695485
2016-07-20,-0.002869158535163792
2016-07-21,0.003662494554559723
2016-07-22,-0.008655287243559321
2016-07-25,0.0009985652675519644
2016-07-26,0.011322244261611263
2016-07-27,-0.019255266658719305
2016-07-28,0.0007751006014215291
2016-07-29,-0.005015361235950504
2016-08-01,-0.008748136353980524
2016-08-02,0.00603917327819612
2016-08-03,0.002413552015863067
2016-08-04,0.001332016053638461
2016-08-05,-0.0019231001055337843
2016-08-08,0.009222634246902998
2016-08-09,0.007097920996198263
2016-08-10,-0.0022930211902408154
2016-08-11,-0.005350936723628618
2016-08-12,0.015869336930961
2016-08-15,0.024137042514374114
2016-08-16,-0.004862693295686431
2016-08-17,-0.00015756665664892912
2016-08-18,-0.0017509813507307732
2016-08-19,0.0012845671825847756
2016-08-22,-0.007521539889890817
2016-08-23,0.00158716824259488
2016-08-24,-0.0012403674761573657
2016-08-25,-0.005703428246281499
2016-08-26,0.000645094049712745
2016-08-29,-9.120016161764728e-05
2016-08-30,0.001513497264357663
2016-08-31,0.0035096470052359014
2016-09-01,-0.00721444711242076
2016-09-02,0.0013179659562922458
2016-09-05,0.001547370187155197
2016-09-06,0.006039471139606795
2016-09-07,0.00039465342178576817
2016-09-08,0.001299314325925253
2016-09-09,-0.0055386550865697175
2016-09-12,-0.01864390494473773
2016-09-13,0.0005061624558689113
2016-09-14,-0.006856570447132694
2016-09-19,0.007696300989273452
2016-09-20,-0.0010084228956502668
2016-09-21,0.0009489376413661784
2016-09-22,0.005418441846653067
2016-09-23,-0.002768174691242982
2016-09-26,-0.017781335184336725
2016-09-27,0.005934517132654013
2016-09-28,-0.0034446904525292834
2016-09-29,0.0035480815126298355
2016-09-30,0.0020722357903000333
2016-10-10,0.014353839135283647
2016-10-11,0.005597563602260319
2016-10-12,-0.0022045324298767856
2016-10-13,0.0009313954446695813
2016-10-14,0.0008032443666013979
2016-10-17,-0.007416929715424141
2016-10-18,0.013946234641883621
2016-10-19,0.00027234704963576543
2016-10-20,-8.428997051587371e-05
2016-10-21,0.0020986502504580476
2016-10-24,0.011998490995235978
2016-10-25,0.0011788780939074683
2016-10-26,-0.005003011275707708
2016-10-27,-0.0012715417227943439
2016-10-28,-0.002599484784313341
2016-10-31,-0.0012184195577692408
2016-11-01,0.007054583944330114
2016-11-02,-0.006332378348732326
2016-11-03,0.008411919935528651
2016-11-04,-0.0011576111016339138
2016-11-07,0.002559658831652686
2016-11-08,0.004636050346308225
2016-11-09,-0.006220284991016051
2016-11-10,0.013623189745938314
2016-11-11,0.007777251591537944
2016-11-14,0.004473651826692043
2016-11-15,-0.0010533927697831016
2016-11-16,-0.0006019915809405598
2016-11-17,0.0010571435347284802
2016-11-18,-0.004870887622510504
2016-11-21,0.007889593428381489
2016-11-22,0.009340514827746308
2016-11-23,-0.002222055343835193
2016-11-24,0.00018510291775048778
2016-11-25,0.006211887717620265
2016-11-28,0.004606259310563974
2016-11-29,0.001804900549736851
2016-11-30,-0.010069043198140861
2016-12-01,0.0071374782950124165
2016-12-02,-0.009043892151388164
2016-12-05,-0.012136210552498812
2016-12-06,-0.0015801738355995304
2016-12-07,0.007035341052614538
2016-12-08,-0.002134333272116212
2016-12-09,0.005430944221556635
2016-12-12,-0.025028515056055377
2016-12-13,0.00065630843143965
2016-12-14,-0.004609598715556467
2016-12-15,-0.007302440007860867
2016-12-16,0.0016985387039907829
2016-12-19,-0.0015702464026357609
2016-12-20,-0.004886715313382755
2016-12-21,0.01107328098624781
2016-12-22,0.0006786692608256362
2016-12-23,-0.009411706173572272
2016-12-26,0.003985424161370213
2016-12-27,-0.002536383696153187
2016-12-28,-0.003995565803954028
2016-12-29,-0.0019811762531005608
2016-12-30,0.002432361265943153
2017-01-03,0.010346975745288672
2017-01-04,0.007266450918439817
2017-01-05,0.0020935461933269946
2017-01-06,-0.003509647210730325
2017-01-09,0.005349736735951768
2017-01-10,-0.0030223095811078705
2017-01-11,-0.00791313695689723
2017-01-12,-0.005581820235484377
2017-01-13,-0.002095619383597079
2017-01-16,-0.0030018410010280326
2017-01-17,0.0017191981311809022
2017-01-18,0.0013629542209361285
2017-01-19,-0.0037687253645348456
2017-01-20,0.0070175275613831075
2017-01-23,0.00435470207695931
2017-01-24,0.0018409641911672587
2017-01-25,0.002225013234976847
2017-01-26,0.003049749380627816
2017-02-03,-0.006032396288232209
2017-02-06,0.0053389358454745345
2017-02-07,-0.001232950028379086
2017-02-08,0.00439552801271647
2017-02-09,0.0051022447133304595
2017-02-10,0.004238330576377639
2017-02-13,0.006280483539802208
2017-02-14,0.00033878445085832476
2017-02-15,-0.0015363279193826756
2017-02-16,0.005162515481959175
2017-02-17,-0.008563884607605604
2017-02-20,0.011760385401839196
2017-02-21,0.004118103117185383
2017-02-22,0.002422271333496166
2017-02-23,-0.0030218368970387067
2017-02-24,0.0006303028275595839
2017-02-27,-0.007642633955269253
2017-02-28,0.0040399474456640746
2017-03-01,0.001602796606144912
2017-03-02,-0.005218509409630183
2017-03-03,-0.0036350480605101677
2017-03-06,0.004823185392997974
2017-03-07,0.0026373180127970378
2017-03-08,-0.0005398676992548321
2017-03-09,-0.007405479680196931
2017-03-10,-0.0012411522844516221
2017-03-13,0.007522772686904751
2017-03-14,0.0007133648113400188
2017-03-15,0.0007498738989485359
2017-03-16,0.008349381141158718
2017-03-17,-0.009679790445910842
2017-03-20,0.004118213167096118
2017-03-21,0.0033167424400455574
2017-03-22,-0.005037794029957293
2017-03-23,0.001025598471115983
2017-03-24,0.006413032104768939
2017-03-27,-0.0007618861486496281
2017-03-28,-0.004297611949581574
2017-03-29,-0.003584707869602922
2017-03-30,-0.00963186837398736
2017-03-31,0.0035417419525841263
2017-04-05,0.014997338984267345
2017-04-06,0.0032634723399130087
2017-04-07,0.0017114270837045578
2017-04-10,-0.005702924122961937
2017-04-11,0.006417688912143965
2017-04-12,-0.004613892502698677
2017-04-13,0.0006504025549175471
2017-04-14,-0.00916592204111128
2017-04-17,-0.00738998824058912
2017-04-18,-0.007932889699732989
2017-04-19,-0.008172926104028503
2017-04-20,0.0004445993082622114
2017-04-21,0.0003309562301199069
2017-04-24,-0.01384195182444036
2017-04-25,0.001609170060362896
2017-04-26,0.0020014603313852383
2017-04-27,0.003603985442434694
2017-04-28,0.000783275367666143
2017-05-02,-0.003477093607484734
2017-05-03,-0.0026628205303957527
2017-05-04,-0.0025484148481131727
2017-05-05,-0.007810119614360909
2017-05-08,-0.007904079715767948
2017-05-09,0.0006234636855771633
2017-05-10,-0.009049009216166982
2017-05-11,0.002852341048185404
2017-05-12,0.00716356657622197
2017-05-15,0.002176963284470877
2017-05-16,0.007328520238881631
2017-05-17,-0.0027406971831017367
2017-05-18,-0.004616947525676165
2017-05-19,0.0001585562967159373
2017-05-22,-0.004848938600971435
2017-05-23,-0.004474047116847419
2017-05-24,0.000695393292502319
2017-05-25,0.014177372256669672
2017-05-26,0.0007172851548067617
2017-05-31,0.002286728342769619
2017-06-01,-0.0046818311185896225
2017-06-02,0.0009406974740755004
2017-06-05,-0.004479449818967694
2017-06-06,0.003380808833544056
2017-06-07,0.012235733233255336
2017-06-08,0.0031825036995264894
2017-06-09,0.002558361001867015
2017-06-12,-0.005880987627644262
2017-06-13,0.004404467510343322
2017-06-14,-0.0073420109867147814
2017-06-15,0.0005811762915932049
2017-06-16,-0.002979703786886865
2017-06-19,0.006765040463340583
2017-06-20,-0.0013875674925899115
2017-06-21,0.005145956065433063
2017-06-22,-0.002779339507223078
2017-06-23,0.003305148504969669
2017-06-26,0.008692677357703274
2017-06-27,0.0018065945597103685
2017-06-28,-0.005656479163349057
2017-06-29,0.004672038882317386
2017-06-30,0.0013698009661658888
2017-07-03,0.0010894850130779528
2017-07-04,-0.004110554786029235
2017-07-05,0.007615143694985624
2017-07-06,0.0016543167878900564
2017-07-07,0.001716845408023304
2017-07-10,-0.0016577020834975967
2017-07-11,-0.002989557487375231
2017-07-12,-0.0017185946753946032
2017-07-13,0.0064280034914848206
2017-07-14,0.0013228624196074475
2017-07-17,-0.01436526090779734
2017-07-18,0.003491501858554478
2017-07-19,0.013526625761433873
2017-07-20,0.004286709138816172
2017-07-21,-0.0021225273438605923
2017-07-24,0.0038899161028251106
2017-07-25,-0.00212802403577702
2017-07-26,0.0012262455013185357
2017-07-27,0.0006494855902461546
2017-07-28,0.0010641210780513296
2017-07-31,0.006064738559100664
2017-08-01,0.00597351323222333
2017-08-02,-0.002304758002145359
2017-08-03,-0.0036993084262503355
2017-08-04,-0.0033205794542208998
2017-08-07,0.005313745966537152
2017-08-08,0.00073460719347412
2017-08-09,-0.0019214821449677264
2017-08-10,-0.004228038580808216
2017-08-11,-0.016447856148161306
2017-08-14,0.008942177831837768
2017-08-15,0.004284430668697165
2017-08-16,-0.0014805218695833238
2017-08-17,0.006747655642863546
2017-08-18,8.872367933730924e-05
2017-08-21,0.005549442748311529
2017-08-22,0.0010095574313395495
2017-08-23,-0.0007692389930437725
2017-08-24,-0.00493658013051556
2017-08-25,0.01817700427944759
2017-08-28,0.009300697294152414
2017-08-29,0.0007669578311350367
2017-08-30,-0.0004755634773659953
2017-08-31,-0.0008387316015357838
2017-09-01,0.001875763228849927
2017-09-04,0.003693661839453739
2017-09-05,0.0014015585020253336
2017-09-06,0.00031611398683557384
2017-09-07,-0.005892573439170393
2017-09-08,-7.725747841378332e-05
2017-09-11,0.003316693588450573
2017-09-12,0.000908833957620177
2017-09-13,0.001377956466445075
2017-09-14,-0.003765780297758049
2017-09-15,-0.005296627277768572
2017-09-18,0.002751442966922384
2017-09-19,-0.0017917471347022784
2017-09-20,0.00272504050918791
2017-09-21,-0.0024361200124391417
2017-09-22,-0.001573691076655267
2017-09-25,-0.0032805134826642784
2017-09-26,0.0006073180513750981
2017-09-27,0.000505318563269209
2017-09-28,-0.001684391063187777
2017-09-29,0.002780861107505778
2017-10-09,0.007567725889379497
2017-10-10,0.002548330092753276
2017-10-11,0.00156248416507735
2017-10-12,-0.0006436013554747999
2017-10-13,0.0013044853117886114
2017-10-16,-0.0035603576690057216
2017-10-17,-0.0019050418248806437
2017-10-18,0.0028872526472191198
2017-10-19,-0.003441966916858128
2017-10-20,0.0025130332303534833
2017-10-23,0.0006065672181063395
2017-10-24,0.002230775269712044
2017-10-25,0.0025496870919782064
2017-10-26,0.0031361762916105092
2017-10-27,0.0027079399583147218
2017-10-30,-0.007777155907487971
2017-10-31,0.0008844757404754468
2017-11-01,0.0007570792422588738
2017-11-02,-0.0037172460869571646
2017-11-03,-0.0034255886526861215
2017-11-06,0.004861021035116184
2017-11-07,0.007468711850515862
2017-11-08,0.0005535193280027704
2017-11-09,0.0036035548438853164
2017-11-10,0.0014226453686955224
2017-11-13,0.004409563994753401
2017-11-14,-0.005318890776753273
2017-11-15,-0.00791272367864263
2017-11-16,-0.0009615145034098055
2017-11-17,-0.004818533215235817
2017-11-20,0.002801349666985493
2017-11-21,0.005321272607229116
2017-11-22,0.005835454860335865
2017-11-23,-0.023161046986390824
2017-11-24,0.0005666787113264513
2017-11-27,-0.009463750503103881
2017-11-28,0.00343455532944506
2017-11-29,0.001259083553628609
2017-11-30,-0.006211844078129079
2017-12-01,0.000129619386418492
2017-12-04,-0.0024142792130144547
2017-12-05,-0.0017963805051506541
2017-12-06,-0.0029465102771161623
2017-12-07,-0.00667378859354758
2017-12-08,0.00546782546164438
2017-12-11,0.009742688815856115
2017-12-12,-0.012536870946708066
2017-12-13,0.006752913410039265
2017-12-14,-0.003214325303540771
2017-12-15,-0.008020071714074338
2017-12-18,0.0005448373734041985
2017-12-19,0.008719736685241893
2017-12-20,-0.0027125765590488553
2017-12-21,0.0037797931051763087
2017-12-22,-0.0009094878391759173
2017-12-25,-0.005047505820918554
2017-12-26,0.0077916399155076544
2017-12-27,-0.009219287712076798
2017-12-28,0.006268887995169017
2017-12-29,0.003267942122827754
2018-01-02,0.01236887529147087
2018-01-03,0.006186900451433787
2018-01-04,0.004915018732619323
2018-01-05,0.0017823791210946956
2018-01-08,0.005213774615333567
2018-01-09,0.0012955457905685084
2018-01-10,0.002320162896243178
2018-01-11,0.0010252411748072942
2018-01-12,0.0010504386546875794
2018-01-15,-0.005395199527972943
2018-01-16,0.007623724686564177
2018-01-17,0.0023484082024068298
2018-01-18,0.008694425106810798
2018-01-19,0.003765833643788423
2018-01-22,0.0038630968230941093
2018-01-23,0.01280973721039159
2018-01-24,0.0036504557162484134
2018-01-25,-0.003140223577750681
2018-01-26,0.002763692158218325
2018-01-29,-0.009922226597619915
2018-01-30,-0.009981526344000072
2018-01-31,-0.0020606019195651888
2018-02-01,-0.009772285724433873
2018-02-02,0.00437107914597011
2018-02-05,0.007315582630412535
2018-02-06,-0.03407954304356993
2018-02-07,-0.018381004663995053
2018-02-08,-0.014368767338949881
2018-02-09,-0.04137075201995021
2018-02-12,0.007727625111995149
2018-02-13,0.00972702488254753
2018-02-14,0.004448545270963583
2018-02-22,0.02146124560014928
2018-02-23,0.006240127117402964
2018-02-26,0.012253518461262117
2018-02-27,-0.011326620267082955
2018-02-28,-0.009970348853877532
2018-03-01,0.0043899194354054104
2018-03-02,-0.00588824484612709
2018-03-05,0.0007371618987696873
2018-03-06,0.00999310240537453
2018-03-07,-0.005477578389304923
2018-03-08,0.0051036073753006625
2018-03-09,0.005688673502864853
2018-03-12,0.005887982858480511
2018-03-13,-0.00496012733184677
2018-03-14,-0.005713764594248003
2018-03-15,-8.203582539480872e-05
2018-03-16,-0.006471606905558086
2018-03-19,0.002861450725022896
2018-03-20,0.003467337021254112
2018-03-21,-0.0029490601278505738
2018-03-22,-0.0053389039219307165
2018-03-23,-0.034515851001661095
2018-03-26,-0.0060574624334408505
2018-03-27,0.010453449517151488
2018-03-28,-0.014107539813725466
2018-03-29,0.012173028101211812
2018-03-30,0.0026447894609624933
2018-04-02,-0.0018066738120407525
2018-04-03,-0.008428875534011976
2018-04-04,-0.001761400896388484
2018-04-09,0.002290491319445437
2018-04-10,0.01644315965322312
2018-04-11,0.00555140210387375
2018-04-12,-0.008741117357426303
2018-04-13,-0.0066601605034684284
2018-04-16,-0.015439641919847941
2018-04-17,-0.014197034865845256
2018-04-18,0.007989390033478861
2018-04-19,0.008368842713406446
2018-04-20,-0.014813840959485923
2018-04-23,-0.0011499215378918965
2018-04-24,0.01966195011973934
2018-04-25,-0.0035089440348289366
2018-04-26,-0.013867491728568338
2018-04-27,0.002338703670697741
2018-05-02,-0.00034072048108373283
2018-05-03,0.006366851874239615
2018-05-04,-0.0031751236725310007
2018-05-07,0.014647794599216274
2018-05-08,0.007894435217539917
2018-05-09,-0.0007435944430659809
2018-05-10,0.004818784231602636
2018-05-11,-0.003518646917209221
2018-05-14,0.003398932467532254
2018-05-15,0.00568319901049795
2018-05-16,-0.007089340865240431
2018-05-17,-0.004835671242910622
2018-05-18,0.012294604089080357
2018-05-21,0.0064116190264657475
2018-05-22,0.00015867608178035897
2018-05-23,-0.014221701604262971
2018-05-24,-0.004525903535141011
2018-05-25,-0.004240827836270794
2018-05-28,-0.0019820348787846407
2018-05-29,-0.004674265249381352
2018-05-30,-0.02564933937551676
2018-05-31,0.017608664966837242
2018-06-01,-0.00658932376516652
2018-06-04,0.005205701363804142
2018-06-05,0.007419378476403588
2018-06-06,0.00031142696406525976
2018-06-07,-0.0018249939198432784
2018-06-08,-0.01371314989821535
2018-06-11,-0.004696140775904872
2018-06-12,0.00881200892448878
2018-06-13,-0.009788645113400614
2018-06-14,-0.0018510136628197473
2018-06-15,-0.007339228401347006
2018-06-19,-0.0384821130909379
2018-06-20,0.0027165577231901554
2018-06-21,-0.013785843568127723
2018-06-22,0.0048390799944837935
2018-06-25,-0.010582624723540537
2018-06-26,-0.005200008210953554
2018-06-27,-0.01107530467394276
2018-06-28,-0.009385649104195825
2018-06-29,0.02148345414393185
2018-07-02,-0.02556079248356074
2018-07-03,0.004073750116893461
2018-07-04,-0.010010866111538641
2018-07-05,-0.009193567041545742
2018-07-06,0.004871285706352872
2018-07-09,0.024408205893629263
2018-07-10,0.004437567757976167
2018-07-11,-0.017790457434661004
2018-07-12,0.02133132135493321
2018-07-13,-0.002286183001242439
2018-07-16,-0.006072412649501699
2018-07-17,-0.005669836309876313
2018-07-18,-0.0038923024975475173
2018-07-19,-0.005291560079953371
2018-07-20,0.020251253505277213
2018-07-23,0.010642044884766461
2018-07-24,0.01596537007533678
2018-07-25,-0.0006575765272126406
2018-07-26,-0.007404266199522887
2018-07-27,-0.003002180919286579
2018-07-30,-0.0015811546417160889
2018-07-31,0.002558547723686177
2018-08-01,-0.018197533170516957
2018-08-02,-0.02020971591283919
2018-08-03,-0.010013771713482054
2018-08-06,-0.01295743117745909
2018-08-07,0.02706322304370632
2018-08-08,-0.012782063573270157
2018-08-09,0.018168037571045983
2018-08-10,0.00033275548682708375
2018-08-13,-0.003382800412132004
2018-08-14,-0.001764020555048978
2018-08-15,-0.020966499776367872
2018-08-16,-0.006657541929205439
2018-08-17,-0.013479519933099263
2018-08-20,0.010992315533020776
2018-08-21,0.013018610685014996
2018-08-22,-0.007055259753470445
2018-08-23,0.0036806721910060737
2018-08-24,0.0017638273382266161
2018-08-27,0.01868182012876949
2018-08-28,-0.001050571434737676
2018-08-29,-0.0031330752274668396
2018-08-30,-0.011458207122125235
2018-08-31,-0.004572595506267023
2018-09-03,-0.0016599403735849394
2018-09-04,0.010911571878447436
2018-09-05,-0.01695390861007183
2018-09-06,-0.004725792858294751
2018-09-07,0.003971165179437479
2018-09-10,-0.012219565351933658
2018-09-11,-0.0017546889929976838
2018-09-12,-0.003266361478099677
2018-09-13,0.011406362846375405
2018-09-14,-0.0018404616034507228
2018-09-17,-0.011193663994242573
2018-09-18,0.017998370652379705
2018-09-19,0.011379661726922603
2018-09-20,-0.000589733885947488
2018-09-21,0.02469582977672408
2018-09-25,-0.005858096349522707
2018-09-26,0.009187691577293716
2018-09-27,-0.005372803882406895
2018-09-28,0.010539690519428055
2018-10-08,-0.03786752559268494
2018-10-09,0.001655166703696226
2018-10-10,0.0017735025807531612
2018-10-11,-0.053647051741382096
2018-10-12,0.009036026162697124
2018-10-15,-0.014999286036355818
2018-10-16,-0.008513219061121863
2018-10-17,0.0059828602444240205
2018-10-18,-0.02979204214592786
2018-10-19,0.025433730995252767
2018-10-22,0.04012180002020357
2018-10-23,-0.022878452057704005
2018-10-24,0.0032588671295641115
2018-10-25,0.0001920454769590118
2018-10-26,-0.0019028769929317505
2018-10-29,-0.02207852839165946
2018-10-30,0.010156344946584834
2018-10-31,0.013433248533435955
2018-11-01,0.0013284650505683343
2018-11-02,0.026593928750864568
2018-11-05,-0.004137102931584241
2018-11-06,-0.0022799031057750578
2018-11-07,-0.006799128197864328
2018-11-08,-0.0021641215426762127
2018-11-09,-0.014045507429941583
2018-11-12,0.01210481010691864
2018-11-13,0.009217910655241203
2018-11-14,-0.008564261216072379
2018-11-15,0.013557649448124032
2018-11-16,0.004091805652187862
2018-11-19,0.009066278925323308
2018-11-20,-0.02155855399844475
2018-11-21,0.002136914294599549
2018-11-22,-0.002295666052541807
2018-11-23,-0.025245794753596434
2018-11-26,-0.0014237804740258753
2018-11-27,-0.0004387932092406221
2018-11-28,0.010455197412961333
2018-11-29,-0.013271158450126302
2018-11-30,0.008049496197429463
2018-12-03,0.025410532580714643
2018-12-04,0.004194895603388886
2018-12-05,-0.006076278578531115
2018-12-06,-0.01698616860763404
2018-12-07,0.0002724968209574724
2018-12-10,-0.008211248590098275
2018-12-11,0.003672761805703861
2018-12-12,0.0031022456484191543
2018-12-13,0.012184559285151258
2018-12-17,-0.013792214839364363
2018-12-18,-0.008240265232628434
2018-12-19,-0.010569310342565134
2018-12-20,-0.005226297477676831
2018-12-21,-0.00792479981289115
2018-12-24,0.004267087687938142
2018-12-25,-0.008819909992185968
2018-12-26,-0.002610377828187169
2018-12-27,-0.006102745494250051
2018-12-28,0.00434399787783613
2019-01-02,-0.01153830258941068
2019-01-03,-0.00037730873836189384
2019-01-04,0.020288973459658025
2019-01-07,0.007218789024346784
2019-01-08,-0.0026207879336550056
2019-01-09,0.007052170900954126
2019-01-10,-0.0036382003496858895
2019-01-11,0.007361109142835844
2019-01-14,-0.0070968546839762295
2019-01-15,0.013540847420945511
2019-01-16,3.112380270863077e-05
2019-01-17,-0.004202686076525848
2019-01-18,0.014109027311698986
2019-01-21,0.005569953630362526
2019-01-22,-0.011872491442086696
2019-01-23,0.0005038076336534551
2019-01-24,0.0041332518356166775
2019-01-25,0.0038625921967691272
2019-01-28,-0.0018235333115905726
2019-01-29,-0.0010517739540212873
2019-01-30,-0.007222706032437293
2019-01-31,0.003484398358828719
2019-02-01,0.012939367122336261
2019-02-11,0.01353173927303509
2019-02-12,0.006755830937303471
2019-02-13,0.018239098143978213
2019-02-14,-0.0005036051988799581
2019-02-15,-0.01381339194925458
2019-02-18,0.026476922559572583
2019-02-19,0.00046823872318521126
2019-02-20,0.0020192616076147715
2019-02-21,-0.0034173680369544075
2019-02-22,0.018873748474446023
2019-02-25,0.05449261581041789
2019-02-26,-0.006695152745102087
2019-02-27,0.004172793374938393
2019-02-28,-0.00436658951900177
2019-03-01,0.017877627590158884
2019-03-04,0.011153334541163708
2019-03-05,0.008770442763432043
2019-03-06,0.015545238198985102
2019-03-07,0.0013916362344630951
2019-03-08,-0.04495612407904301
2019-03-11,0.019053912776762078
2019-03-12,0.010947491589405545
2019-03-13,-0.010960706124072307
2019-03-14,-0.012051381888291574
2019-03-15,0.010332003747188161
2019-03-18,0.024410471683941726
2019-03-19,-0.0017584127102542903
2019-03-20,-0.00011000352669460572
2019-03-21,0.003494779158116674
2019-03-22,0.0008669575330990728
2019-03-25,-0.019886196337319917
2019-03-26,-0.015208575080414184
2019-03-27,0.008511933807656868
2019-03-28,-0.009232890307800426
2019-03-29,0.031492817382553946
2019-04-01,0.02542813074966607
2019-04-02,0.0020355503485217637
2019-04-03,0.01235093408966486
2019-04-04,0.009367423867599194
2019-04-08,-0.0005422575917991553
2019-04-09,-0.001588410797739414
2019-04-10,0.0007004454440374914
2019-04-11,-0.01616045393708097
2019-04-12,-0.00041702006847107396
2019-04-15,-0.0034053708286756724
2019-04-16,0.023576088974840485
2019-04-17,0.002921717297117291
2019-04-18,-0.0039672599982239235
2019-04-19,0.006318070395914036
2019-04-22,-0.017194804013872796
2019-04-23,-0.00512971158985201
2019-04-24,0.0009437205787745574
2019-04-25,-0.024593995197548846
2019-04-26,-0.012054449913858406
2019-04-29,-0.007773787298482274
2019-04-30,0.00515891478396922
2019-05-06,-0.05745464484725733
2019-05-07,0.0068337356732169055
2019-05-08,-0.011212886910795979
2019-05-09,-0.014904422499298884
2019-05-10,0.030488565688593414
2019-05-13,-0.012151608042243741
2019-05-14,-0.006946248287392725
2019-05-15,0.018917519507601087
2019-05-16,0.005778391788015992
2019-05-17,-0.02515030618646334
2019-05-20,-0.004067519383647176
2019-05-21,0.01224617447097528
2019-05-22,-0.00492267715022319
2019-05-23,-0.013641750352866586
2019-05-24,0.00016475301982219005
2019-05-27,0.01371212547896672
2019-05-28,0.006042460248256849
2019-05-29,0.0016447456841990275
2019-05-30,-0.0030547175120173883
2019-05-31,-0.002449820417557913
2019-06-03,-0.0029781772225874687
2019-06-04,-0.009665673370514332
2019-06-05,-0.00030050492040877436
2019-06-06,-0.011818980935583994
2019-06-10,0.008567059385302177
2019-06-11,0.025474520678180883
2019-06-12,-0.005600604175098531
2019-06-13,0.0004673443244307196
2019-06-14,-0.009933256303157228
2019-06-17,0.001958545340680927
2019-06-18,0.0008792304877056238
2019-06-19,0.009518043742010152
2019-06-20,0.02347980485907096
2019-06-21,0.004962358449165104
2019-06-24,0.0020532009016571737
2019-06-25,-0.008707581620115151
2019-06-26,-0.0019434916788974926
2019-06-27,0.006867517242895211
2019-06-28,-0.0059943248634460105
2019-07-01,0.021920668954108116
2019-07-02,-0.0003153310016209558
2019-07-03,-0.00946666694817189
2019-07-04,-0.0033253027480767425
2019-07-05,0.0019314170334046774
2019-07-08,-0.026143652551811294
2019-07-09,-0.0017503787572264605
2019-07-10,-0.004425414467648503
2019-07-11,0.0008434681439398292
2019-07-12,0.004373920120732193
2019-07-15,0.003964083287369552
2019-07-16,-0.0015544723112617127
2019-07-17,-0.0020206811423343985
2019-07-18,-0.01046149777319112
2019-07-19,0.007903388217000908
2019-07-22,-0.0128134297841615
2019-07-23,0.004482537906183033
2019-07-24,0.008016226412652898
2019-07-25,0.004804945224180614
2019-07-26,0.0024413891995082987
2019-07-29,-0.001199548189474462
2019-07-30,0.00384501648763419
2019-07-31,-0.0067393646583685995
2019-08-01,-0.008128400182870652
2019-08-02,-0.014171178240898212
2019-08-05,-0.016290474748528825
2019-08-06,-0.015695813968517023
2019-08-07,-0.0032021721338742577
2019-08-08,0.009300419531307981
2019-08-09,-0.0071104388060226065
2019-08-12,0.01439805613752347
2019-08-13,-0.006318342548498943
2019-08-14,0.00415614109800203
2019-08-15,0.0024499053093116857
2019-08-16,0.002844165176494792
2019-08-19,0.020775525922809394
2019-08-20,-0.00107580999773959
2019-08-21,0.00011457676916464823
2019-08-22,0.0010791548940429969
2019-08-23,0.004840111371330343
2019-08-26,-0.011755039020885514
2019-08-27,0.013396526245500428
2019-08-28,-0.0029089298370291844
2019-08-29,-0.0009819040044320149
2019-08-30,-0.0016201735883152179
2019-09-02,0.01303554390174031
2019-09-03,0.00206345537885799
2019-09-04,0.009260269042185533
2019-09-05,0.009573927252320197
2019-09-06,0.004591133892762044
2019-09-09,0.008346190930535916
2019-09-10,-0.0011710339184773078
2019-09-11,-0.004109451704536178
2019-09-12,0.007427124976522857
2019-09-16,-0.0001616630845867411
2019-09-17,-0.017517884694244614
2019-09-18,0.002528598981667791
2019-09-19,0.0045514319315219515
2019-09-20,0.0023877208620677656
2019-09-23,-0.009817026362365406
2019-09-24,0.002770688842496708
2019-09-25,-0.01006948685962525
2019-09-26,-0.008952361761897079
2019-09-27,0.0010509686598093666
2019-09-30,-0.009243970603848725
2019-10-08,0.002880340757696228
2019-10-09,0.0038674828926405077
2019-10-10,0.007781981420318405
2019-10-11,0.0087649196490981
2019-10-14,0.0114419943149091
2019-10-15,-0.0056110153495959976
2019-10-16,-0.004134175436083891
2019-10-17,-0.0004633951500308173
2019-10-18,-0.01325019765911865
2019-10-21,0.0005035932162178658
2019-10-22,0.005008493673073696
2019-10-23,-0.004328364966509878
2019-10-24,-0.0002379924329639676
2019-10-25,0.004752504344409063
2019-10-28,0.008465116985847215
2019-10-29,-0.008718962320940715
2019-10-30,-0.005042854497760348
2019-10-31,-0.003496709638457167
2019-11-01,0.009899422812245566
2019-11-04,0.005827756062288693
2019-11-05,0.005386259157071127
2019-11-06,-0.004341599004862207
2019-11-07,3.6929419490647614e-05
2019-11-08,-0.0048898865542565785
2019-11-11,-0.018457662482954527
2019-11-12,0.00166529647277937
2019-11-13,-0.003292065254341323
2019-11-14,0.0015924035756423025
2019-11-15,-0.006388344162287448
2019-11-18,0.006158066814546129
2019-11-19,0.008485142100441257
2019-11-20,-0.00784943055461303
2019-11-21,-0.002548718508212409
2019-11-22,-0.0063397074969152685
2019-11-25,0.007210648253988272
2019-11-26,0.0003061981056843155
2019-11-27,-0.0013321287628924204
2019-11-28,-0.0046609025008302685
2019-11-29,-0.006147542561469398
2019-12-02,0.0013326863253031443
2019-12-03,0.003086534719215085
2019-12-04,-0.002283605200050401
2019-12-05,0.007390658451449516
2019-12-06,0.004315602725130508
2019-12-09,0.0008478518449233658
2019-12-10,0.0009739703777585559
2019-12-11,0.002430783806189976
2019-12-12,-0.002986242227951817
2019-12-13,0.017670574585506624
2019-12-16,0.005614868071432942
2019-12-17,0.012662464148685137
2019-12-18,-0.0017816167084741847
2019-12-19,9.943471365383088e-06
2019-12-20,-0.0040285606982101525
2019-12-23,-0.014139709979282558
2019-12-24,0.0067043341360474165
2019-12-25,-0.0002682511383226448
2019-12-26,0.008505318227015765
2019-12-27,-0.0007684132644965721
2019-12-30,0.011573215297192624
2019-12-31,0.003316839763792621
2020-01-02,0.011435550970056906
2020-01-03,-0.00045712508029771765
2020-01-06,-0.00012323258544589933
2020-01-07,0.006913173660596256
2020-01-08,-0.012285282250408829
2020-01-09,0.009085114349499997
2020-01-10,-0.0008372164176139903
2020-01-13,0.007500204299337604
2020-01-14,-0.0028124260187863933
2020-01-15,-0.005415659224900508
2020-01-16,-0.005178366308433075
2020-01-17,0.0004618201650317279
2020-01-20,0.00657563430330879
2020-01-21,-0.014200140039818971
2020-01-22,0.002817000042112022
2020-01-23,-0.02790179145958318
2020-02-03,-0.08039076853981844
2020-02-04,0.013266257238696809
2020-02-05,0.012425669299670716
2020-02-06,0.017035911424278724
2020-02-07,0.003291269621106317
2020-02-10,0.005039506369106238
2020-02-11,0.00386039539111545
2020-02-12,0.00865740913593535
2020-02-13,-0.0071421895008185595
2020-02-14,0.003757466107767714
2020-02-17,0.02257820932849508
2020-02-18,0.0004523681549649965
2020-02-19,-0.003211212801798831
2020-02-20,0.018233639505437122
2020-02-21,0.0031368336478448584
2020-02-24,-0.0027804791505425894
2020-02-25,-0.006015622977215625
2020-02-26,-0.008372014811875855
2020-02-27,0.0011372646001194312
2020-02-28,-0.03782364916522268
2020-03-02,0.03098057972281087
2020-03-03,0.0073677819070133085
2020-03-04,0.006251925162956726
2020-03-05,0.01972990101070317
2020-03-06,-0.012174681468870723
2020-03-09,-0.03052195842158936
2020-03-10,0.018003701745290448
2020-03-11,-0.009468192932502475
2020-03-12,-0.015285404045175845
2020-03-13,-0.012411274940369886
2020-03-16,-0.03459409063866503
2020-03-17,-0.0034513195768671877
2020-03-18,-0.018474129357352275
2020-03-19,-0.009806942667042648
2020-03-20,0.015966563777369443
2020-03-23,-0.031616884141358256
2020-03-24,0.023138506488731343
2020-03-25,0.021494169637213074
2020-03-26,-0.006014621936053766
2020-03-27,0.0026331440813236176
2020-03-30,-0.00905537757277714
2020-03-31,0.0011241454132520164
2020-04-01,-0.005754078908284673
2020-04-02,0.016725199304980825
2020-04-03,-0.0060058290804152255
2020-04-07,0.020331064232693177
2020-04-08,-0.001912660511085881
2020-04-09,0.003733206256592896
2020-04-10,-0.010411777053259687
2020-04-13,-0.004867672272948784
2020-04-14,0.015767670124913334
2020-04-15,-0.005714351936339592
2020-04-16,0.003114841333490871
2020-04-17,0.006556612507017044
2020-04-20,0.00494111044931318
2020-04-21,-0.008993715060348352
2020-04-22,0.005984863543553352
2020-04-23,-0.0019287359388189525
2020-04-24,-0.010614528836700672
2020-04-27,0.0024750991472811605
2020-04-28,-0.0019447131811764675
2020-04-29,0.004410158307461576
2020-04-30,0.013247837403013893
2020-05-06,0.0062946557058146365
2020-05-07,-0.0023027458755086206
2020-05-08,0.008261041698877411
2020-05-11,-0.0001865239878709077
2020-05-12,-0.0011198751334561218
2020-05-13,0.0022419481513979516
2020-05-14,-0.009607607373941838
2020-05-15,-0.0006551892616062599
2020-05-18,0.0024234501439459218
2020-05-19,0.008022211363597487
2020-05-20,-0.005132899106937565
2020-05-21,-0.005501034447295455
2020-05-22,-0.01906180717997468
2020-05-25,0.0014915464061367677
2020-05-26,0.010090967114258859
2020-05-27,-0.0034310783481540665
2020-05-28,0.003315141818004458
2020-05-29,0.002151417764260902
2020-06-01,0.02187410586792503
2020-06-02,0.0020456316465763177
2020-06-03,0.0006741069621560746
2020-06-04,-0.0014103264230420562
2020-06-05,0.003948689329984603
2020-06-08,0.002375366836307651
2020-06-09,0.006223424702865661
2020-06-10,-0.004189936060254268
2020-06-11,-0.007792490814091129
2020-06-12,-0.00039721674859345804
2020-06-15,-0.010227688526606212
2020-06-16,0.014332631665736829
2020-06-17,0.0014043174837805685
2020-06-18,0.0011744302385268658
2020-06-19,0.009585392379927022
2020-06-22,-0.0007955637629067807
2020-06-23,0.0018025945388702672
2020-06-24,0.0030015971660079365
2020-06-29,-0.006069632356704363
2020-06-30,0.007786537922801154
2020-07-01,0.013745817989655872
2020-07-02,0.021120533958312603
2020-07-03,0.019938578760130502
2020-07-06,0.05554267639965956
2020-07-07,0.0037315375828101513
2020-07-08,0.017218352179155662
2020-07-09,0.01375854607564728
2020-07-10,-0.019687754989488722
2020-07-13,0.01756993375428417
2020-07-14,-0.00836119664023399
2020-07-15,-0.01573840913060134
2020-07-16,-0.046025714604004765
2020-07-17,0.001254625232480838
2020-07-20,0.030644465965538683
2020-07-21,0.002031638789912378
2020-07-22,0.0036879836812913087
2020-07-23,-0.00241804670652537
2020-07-24,-0.039361831223684376
2020-07-27,0.0026429256246373162
2020-07-28,0.007066508088879641
2020-07-29,0.020419229309209135
2020-07-30,-0.0023490560641789794
2020-07-31,0.007030678530217544
2020-08-03,0.01735897844454483
2020-08-04,0.001103913365889007
2020-08-05,0.0017394529703506937
2020-08-06,0.002631572684933174
2020-08-07,-0.009619538609821973
2020-08-10,0.007488201993460095
2020-08-11,-0.01159616181507475
2020-08-12,-0.0063127503334457205
2020-08-13,0.0004397590432315095
2020-08-14,0.011786097160486805
2020-08-17,0.023151837881154054
2020-08-18,0.003567549854928891
2020-08-19,-0.012526369393628178
2020-08-20,-0.013062738626645176
2020-08-21,0.004975857539399635
2020-08-24,0.0014660852245891394
2020-08-25,-0.0035684628692642323
2020-08-26,-0.013080272181509665
2020-08-27,0.006098958252764258
2020-08-28,0.01590221134828015
2020-08-31,-0.002391356961873065
2020-09-01,0.004387125422603585
2020-09-02,-0.0017049602026638514
2020-09-03,-0.005838202797847753
2020-09-04,-0.0087859504249178
2020-09-07,-0.01888755838872297
2020-09-08,0.007211398763726255
2020-09-09,-0.018807289952869417
2020-09-10,-0.006105312941626848
2020-09-11,0.007861266596048211
2020-09-14,0.005646000109467699
2020-09-15,0.0051319682669087015
2020-09-16,-0.003574689197772466
2020-09-17,-0.004113298325365685
2020-09-18,0.02047425469685267
2020-09-21,-0.006356115962008426
2020-09-22,-0.012938565383553029
2020-09-23,0.0016508980696490734
2020-09-24,-0.017386553991003664
2020-09-25,-0.001167230753700035
2020-09-28,-0.0005872346543977454
2020-09-29,0.0021204964876024844
2020-09-30,-0.0019588948911242825
2020-10-09,0.01665028226887913
2020-10-12,0.026059644806350615
2020-10-13,0.00038105331932811886
2020-10-14,-0.005662253786866662
2020-10-15,-0.0025775682040447955
2020-10-16,0.0012536478891789849
2020-10-19,-0.007125881593111303
2020-10-20,0.004647059834257956
2020-10-21,-0.0009258814571296179
2020-10-22,-0.0037724978149805528
2020-10-23,-0.010469710990702635
2020-10-26,-0.008233927961619461
2020-10-27,0.0009837921057123983
2020-10-28,0.004574197528529054
2020-10-29,0.0010669569964655932
2020-10-30,-0.014837295797684258
2020-11-02,0.00018295566477099395
2020-11-03,0.014146989652883918
2020-11-04,0.0019454813412972977
2020-11-05,0.012941308936308864
2020-11-06,-0.0024033942533961345
2020-11-09,0.018418412676073075
2020-11-10,-0.004033341375186397
2020-11-11,-0.005356343048647913
2020-11-12,-0.0010537534952629758
2020-11-13,-0.008597118878905758
2020-11-16,0.011077058525370585
2020-11-17,-0.0021145925177128446
2020-11-18,0.002213184298524643
2020-11-19,0.0047061435006863096
2020-11-20,0.004343692019231595
2020-11-23,0.010824254489157312
2020-11-24,-0.003423641113277733
2020-11-25,-0.011970313585896378
2020-11-26,0.0021984364311743707
2020-11-27,0.011383944811317541
2020-11-30,-0.004867606562109317
2020-12-01,0.017587431132410337
2020-12-02,-0.0007418870933148375
2020-12-03,-0.0021011337596274176
2020-12-04,0.0007086102243447501
2020-12-07,-0.008156076682435055
2020-12-08,-0.0018808287047690146
2020-12-09,-0.011270898153004975
2020-12-10,0.0003913871164999709
2020-12-11,-0.007764376917298736
2020-12-14,0.0065303947958363605
2020-12-15,-0.0005611347538629011
2020-12-16,-7.424775886554943e-05
2020-12-17,0.011190559568966583
2020-12-18,-0.0029324542284734764
2020-12-21,0.0075328983579861005
2020-12-22,-0.018825022707033623
2020-12-23,0.007579683422427283
2020-12-24,-0.0056957234551485445
2020-12-25,0.00989701362274448
2020-12-28,0.00021490024148596146
2020-12-29,-0.005386409494382807
2020-12-30,0.010424780395443036
2020-12-31,0.017022503164619045
2021-01-04,0.008569396322266203
2021-01-05,0.007315537969768826
2021-01-06,0.006271596756257614
2021-01-07,0.007105324066683519
2021-01-08,-0.0017043765171776333
2021-01-11,-0.010873697774947913
2021-01-12,0.021525122926955045
2021-01-13,-0.002689057661813542
2021-01-14,-0.009142298709023979
2021-01-15,0.00013459931486833968
2021-01-18,0.008332218088059548
2021-01-19,-0.008332218088059498
2021-01-20,0.0046744808852091065
2021-01-21,0.010596474951965758
2021-01-22,-0.00401494173125607
2021-01-25,0.0048375213097616694
2021-01-26,-0.015238691975136732
2021-01-27,0.0010948134660782312
2021-01-28,-0.019258858269680434
2021-01-29,-0.006327785575860569
2021-02-01,0.0063563143742582364
2021-02-02,0.00806941767150819
2021-02-03,-0.0046433279332680835
2021-02-04,-0.004402237002763364
2021-02-05,-0.0015804089774699554
2021-02-08,0.010277834263530907
2021-02-09,0.019911139104022188
2021-02-10,0.014217896402866028
2021-02-18,0.005530370349195466
2021-02-19,0.005646061341878956
2021-02-22,-0.014643361644267473
2021-02-23,-0.0016706054333316305
2021-02-24,-0.02007722526931276
2021-02-25,0.0058664649099668155
2021-02-26,-0.02141852609642775
2021-03-01,0.011987997083305215
2021-03-02,-0.012127644573368533
2021-03-03,0.01928225612883011
2021-03-04,-0.020736888962249504
2021-03-05,-0.00042823618736279734
2021-03-08,-0.023278631536515042
2021-03-09,-0.01832310468963124
2021-03-10,-0.00046151350448392033
2021-03-11,0.02328140628671888
2021-03-12,0.004717051494424702
2021-03-15,-0.009640655314358497
2021-03-16,0.007800024400528882
2021-03-17,-0.0003424120933940307
2021-03-18,0.005071935511809058
2021-03-19,-0.01701039744484988
2021-03-22,0.011325890259695243
2021-03-23,-0.009315963187437146
2021-03-24,-0.013115048492970589
2021-03-25,-0.0010311040709098328
2021-03-26,0.016143271754604907
2021-03-29,0.004952130383588542
2021-03-30,0.0062043327412376606
2021-03-31,-0.00428204098762184
2021-04-01,0.007069847519715387
2021-04-02,0.00519659564531858
2021-04-06,-0.0004076149415735805
2021-04-07,-0.0009594117876073518
2021-04-08,0.0008388177758153096
2021-04-09,-0.009193470999945412
2021-04-12,-0.010994293121496714
2021-04-13,-0.004840362960713312
2021-04-14,0.005944369562178931
2021-04-15,-0.0052026978826999895
2021-04-16,0.008096023921257514
2021-04-19,0.01475367026818415
2021-04-20,-0.0013265253747596004
2021-04-21,-2.879408915000748e-06
2021-04-22,-0.0022542399039230123
2021-04-23,0.0026112233972278394
2021-04-26,-0.009544071728999284
2021-04-27,0.0004183747943730689
2021-04-28,0.004191504872774664
2021-04-29,0.005144292119178659
2021-04-30,-0.008102029941917407
2021-05-06,-0.0016201764832339711
2021-05-07,-0.006533408078531115
2021-05-10,0.0026639964578291497
2021-05-11,0.0040350339469699984
2021-05-12,0.006053953547681415
2021-05-13,-0.009636929676050142
2021-05-14,0.017584471411533582
2021-05-17,0.007774011754537469
2021-05-18,0.003232753789954021
2021-05-19,-0.005127873997242355
2021-05-20,-0.001145641983979776
2021-05-21,-0.005828285605349176
2021-05-24,0.0030699467396974427
2021-05-25,0.023751508549017922
2021-05-26,0.0033506658802936232
2021-05-27,0.004301464101645596
2021-05-28,-0.002238673377230068
2021-05-31,0.004074138219321868
2021-06-01,0.0025496582272467325
2021-06-02,-0.00763519982707059
2021-06-03,-0.00360099813325946
2021-06-04,0.002126518871883858
2021-06-07,0.0021414535019897854
2021-06-08,-0.005412533322460372
2021-06-09,0.003148572428110037
2021-06-10,0.005403872494362633
2021-06-11,-0.00586340892767386
2021-06-15,-0.009288776624453541
2021-06-16,-0.01080734035445543
2021-06-17,0.0020641893321999122
2021-06-18,-0.00014182988946856556
2021-06-21,0.0011567446868962939
2021-06-22,0.007967202653993118
2021-06-23,0.002473459315442246
2021-06-24,0.00012056857913318072
2021-06-25,0.011404863652573951
2021-06-28,-0.00032991726029886926
2021-06-29,-0.009245770677806188
2021-06-30,0.005030452879479784
2021-07-01,-0.0006740966107532783
2021-07-02,-0.019703657054711794
2021-07-05,0.00441226393110324
2021-07-06,-0.0011493961274346082
2021-07-07,0.006623419536806596
2021-07-08,-0.00797267198363722
2021-07-09,-0.0004000232690984517
2021-07-12,0.006716720693990178
2021-07-13,0.0052513628570619855
2021-07-14,-0.010717479000163887
2021-07-15,0.01017618878107515
2021-07-16,-0.0071200727602880026
2021-07-19,-5.085880748497948e-05
2021-07-20,-0.0006585725607627893
2021-07-21,0.0072879207556570845
2021-07-22,0.003382191951385319
2021-07-23,-0.006829375622137232
2021-07-26,-0.023643703671855348
2021-07-27,-0.02519180852893778
2021-07-28,-0.005810684665142224
2021-07-29,0.014802486625819367
2021-07-30,-0.00421790353162047
2021-08-02,0.019509046016359756
2021-08-03,-0.004716252875593414
2021-08-04,0.008441671395293678
2021-08-05,-0.0030732608937558263
2021-08-06,-0.0024029655825817653
2021-08-09,0.010470607075270937
2021-08-10,0.010050536160810008
2021-08-11,0.0007617645553179202
2021-08-12,-0.002233130596912341
2021-08-13,-0.0023973742635575346
2021-08-16,0.0002957217052846497
2021-08-17,-0.020206536749290394
2021-08-18,0.011052769152625985
2021-08-19,-0.005679904319429342
2021-08-20,-0.011089817812997081
2021-08-23,0.014425708488839466
2021-08-24,0.010681490652376023
2021-08-25,0.007345334484912289
2021-08-26,-0.010996924245693996
2021-08-27,0.005837296004100006
2021-08-30,0.0016992164716905797
2021-08-31,0.004465448329421486
2021-09-01,0.006513838169947354
2021-09-02,0.008358344282854636
2021-09-03,-0.004265361116630997
2021-09-06,0.011141782122991434
2021-09-07,0.014997986122566713
2021-09-08,-0.0003808601500380083
2021-09-09,0.004869504975230065
2021-09-10,0.002698670150476132
2021-09-13,0.0033052623074968893
2021-09-14,-0.014304991717129853
2021-09-15,-0.001743450888549015
2021-09-16,-0.01352847374281616
2021-09-17,0.0019055379907703502
2021-09-22,0.004009692688377688
2021-09-23,0.0037768020786572583
2021-09-24,-0.008035559392290082
2021-09-27,-0.00840483553572638
2021-09-28,0.0053973311448394625
2021-09-29,-0.01847216708084581
2021-09-30,0.008974704335522709
2021-10-08,0.006703617391605786
2021-10-11,-0.00012806450013888284
2021-10-12,-0.012543152269116559
2021-10-13,0.004169544774880714
2021-10-14,-0.0009775226760270193
2021-10-15,0.003951959032656742
2021-10-18,-0.0011847894603644936
2021-10-19,0.006984803486845629
2021-10-20,-0.0017130565528473808
2021-10-21,0.0021665946446041357
2021-10-22,-0.0033939993958849272
2021-10-25,0.007580196630481308
2021-10-26,-0.003390915493335564
2021-10-27,-0.009868864096847493
2021-10-28,-0.012397185634958294
2021-10-29,0.008186001646085041
2021-11-01,-0.0008065630980612974
2021-11-02,-0.01102121619358686
2021-11-03,-0.0020245089487008405
2021-11-04,0.00806505344469379
2021-11-05,-0.010059300261978694
2021-11-08,0.0020199715031236584
2021-11-09,0.0023895078622617476
2021-11-10,-0.004154612188463897
2021-11-11,0.011481568071059142
2021-11-12,0.0017845304931332284
2021-11-15,-0.001640179090621791
2021-11-16,-0.003262895359734016
2021-11-17,0.0044141300940692425
2021-11-18,-0.004720839361649453
2021-11-19,0.011201798231758403
2021-11-22,0.006079165233211115
2021-11-23,0.001955051193268686
2021-11-24,0.0010053204852947986
2021-11-25,-0.0023742918935402506
2021-11-26,-0.005620955250850551
2021-11-29,-0.00039007744514021035
2021-11-30,0.00033396056488739403
2021-12-01,0.0036410628424664877
2021-12-02,-0.000853059809266943
2021-12-03,0.009354959490302042
2021-12-06,-0.0050356239880341115
2021-12-07,0.0016090421599696868
2021-12-08,0.011746850668542006
2021-12-09,0.009703780759954187
2021-12-10,-0.0018230402943127074
2021-12-13,0.004009570621044462
2021-12-14,-0.0053250945365905
2021-12-15,-0.003803451219216773
2021-12-16,0.007480933197281289
2021-12-17,-0.011676000057041775
2021-12-20,-0.010728089207833432
2021-12-21,0.008732905645019814
2021-12-22,-0.0006898702489742096
2021-12-23,0.005703322386797365
2021-12-24,-0.00696563667727974
2021-12-27,-0.0005750606322129788
2021-12-28,0.003902804812597831
2021-12-29,-0.009162786134448032
2021-12-30,0.006150079180804022
2021-12-31,0.005672996367375116
2022-01-04,-0.0020489246192138075
2022-01-05,-0.010280256181850526
2022-01-06,-0.0025343755471377996
2022-01-07,-0.0018253833767219692
2022-01-10,0.003897922978694366
2022-01-11,-0.007283971788364646
2022-01-12,0.008371449906091314
2022-01-13,-0.011791504624729762
2022-01-14,-0.009609316903416614
2022-01-17,0.005779487213382258
2022-01-18,0.007942018071336062
2022-01-19,-0.003291207206508858
2022-01-20,-0.0008772374333163534
2022-01-21,-0.009181103906838997
2022-01-24,0.0004342476727425098
2022-01-25,-0.02617309276799362
2022-01-26,0.006564368523789944
2022-01-27,-0.01793353677335556
2022-01-28,-0.009713369905073344
2022-02-07,0.02006835110758807
2022-02-08,0.006698454765656801
2022-02-09,0.007881666400647653
2022-02-10,0.0017112033415392694
2022-02-11,-0.0066083022408143744
2022-02-14,-0.009887149724922585
2022-02-15,0.005006577759190103
2022-02-16,0.005711887194635821
2022-02-17,0.0006374506804526982
2022-02-18,0.006529884672796674
2022-02-21,-4.297150846412966e-05
2022-02-22,-0.009631955820590898
2022-02-23,0.009213603320993668
2022-02-24,-0.017109554239620243
2022-02-25,0.006234243899853287
2022-02-28,0.003153153159511517
2022-03-01,0.0076304400930110134
2022-03-02,-0.0013308439341469594
2022-03-03,-0.0008843840755596777
2022-03-04,-0.009658368916439154
2022-03-07,-0.021931790388062634
2022-03-08,-0.023801111232544466
2022-03-09,-0.01134071807073529
2022-03-10,0.012117697662514174
2022-03-11,0.004135740335958443
2022-03-14,-0.026395625456140173
2022-03-15,-0.050765571671792964
2022-03-16,0.034244076866297504
2022-03-17,0.013884261717818865
2022-03-18,0.01114437363450742
2022-03-21,0.0008055639690575716
2022-03-22,0.0018945127758092086
2022-03-23,0.0034206703501867804
2022-03-24,-0.0063699268795564465
2022-03-25,-0.01176648004793979
2022-03-28,0.0007033115057273022
2022-03-29,-0.0032905221605967067
2022-03-30,0.019368386197894223
2022-03-31,-0.004417998227416838
2022-04-01,0.009340656626273581
2022-04-06,0.00021626067109864518
2022-04-07,-0.014334315463590153
2022-04-08,0.004669772917230725
2022-04-11,-0.02639825013574964
2022-04-12,0.01448196758466009
2022-04-13,-0.008284228216989323
2022-04-14,0.012107825779200481
2022-04-15,-0.004474224786672143
2022-04-18,-0.0049073264948944284
2022-04-19,-0.00046638653019636056
2022-04-20,-0.013547711732194196
2022-04-21,-0.022867823856669498
2022-04-22,0.002305923285271051
2022-04-25,-0.05268006879696159
2022-04-26,-0.014473316857302614
2022-04-27,0.024587573959847037
2022-04-28,0.005797352158931722
2022-04-29,0.023771820788754672
2022-05-05,0.006770462277708987
2022-05-06,-0.021815500072281037
2022-05-09,0.0008591838282672458
2022-05-10,0.01049681987914709
2022-05-11,0.00750183187197099
2022-05-12,-0.0012136697985671333
2022-05-13,0.009541923464319781
2022-05-16,-0.003419928211833418
2022-05-17,0.006469471039836153
2022-05-18,-0.0024985125495330953
2022-05-19,0.0035517121441938533
2022-05-20,0.015891985495675276
2022-05-23,9.215960142730594e-05
2022-05-24,-0.024424682959179295
2022-05-25,0.011825224915529387
2022-05-26,0.005023627986854917
2022-05-27,0.002280378705730974
2022-05-30,0.005994316676399321
2022-05-31,0.011797172249585198
2022-06-01,-0.0013409563623491914
2022-06-02,0.004170840934538574
2022-06-06,0.01272127892284136
2022-06-07,0.0016640608458882483
2022-06-08,0.006772704601069318
2022-06-09,-0.007639893589960192
2022-06-10,0.014065697010146034
2022-06-13,-0.00895366801625453
2022-06-14,0.0101949706914085
2022-06-15,0.005004317180352896
2022-06-16,-0.0060781975048406454
2022-06-17,0.009515125173035184
2022-06-20,-0.00041011909106225644
2022-06-21,-0.002630567118739777
2022-06-22,-0.01202341254264903
2022-06-23,0.016076613642461268
2022-06-24,0.008875753555909792
2022-06-27,0.008750319618488614
2022-06-28,0.008844557096104322
2022-06-29,-0.014087340267093205
2022-06-30,0.010976214242557054
2022-07-01,-0.0032359531115289867
2022-07-04,0.0052377027382876215
2022-07-05,-0.0004111926701164307
2022-07-06,-0.014403936943185213
2022-07-07,0.002693554216051399
2022-07-08,-0.002476014883039197
2022-07-11,-0.012744450313669189
2022-07-12,-0.009737683180183662
2022-07-13,0.0008590019048526898
2022-07-14,-0.00077672509208812
2022-07-15,-0.016492431946463458
2022-07-18,0.015382648667117905
2022-07-19,0.00040564054399648065
2022-07-20,0.007682122786999722
2022-07-21,-0.00995033085316798
2022-07-22,-0.000620608185349513
2022-07-25,-0.006005821412929056
2022-07-26,0.008287640709771735
2022-07-27,-0.0005127266180810148
2022-07-28,0.0020797953318530886
2022-07-29,-0.008978275744988294
2022-08-01,0.002063502543912009
2022-08-02,-0.02286397170484028
2022-08-03,-0.007118207550404431
2022-08-04,0.007987184956775898
2022-08-05,0.011842278520663913
2022-08-08,0.003063140162015535
2022-08-09,0.003238564539063576
2022-08-10,-0.005375585122104447
2022-08-11,0.015864110000636367
2022-08-12,-0.0014576373003652497
2022-08-15,-0.000244163725197985
2022-08-16,0.0005462338230133396
2022-08-17,0.0044593942471548385
2022-08-18,-0.004563125205752456
2022-08-19,-0.005955076185280468
2022-08-22,0.006031349996094371
2022-08-23,-0.00047909601298468156
2022-08-24,-0.018800754650323163
2022-08-25,0.009610919841966848
2022-08-26,-0.0030945019425899388
2022-08-29,0.0013926310158019978
2022-08-30,-0.00417752754666967
2022-08-31,-0.0078017492293196294
2022-09-01,-0.005373326722483828
2022-09-02,0.0004708497040592043
2022-09-05,0.004205825136546322
2022-09-06,0.013514893695710987
2022-09-07,0.0008752277229263518
2022-09-08,-0.0033015142888055704
2022-09-09,0.00814454056097174
2022-09-13,0.0005363286137280091
2022-09-14,-0.008078378553010947
2022-09-15,-0.01168797266851067
2022-09-16,-0.02324362662684908
2022-09-19,-0.003460432802670221
2022-09-20,0.00218338948010024
2022-09-21,-0.001676392591442391
2022-09-22,-0.0026565645095651983
2022-09-23,-0.00662873880505094
2022-09-26,-0.012098655624847849
2022-09-27,0.013874714245485116
2022-09-28,-0.015895612854959325
2022-09-29,-0.0012717150312314294
2022-09-30,-0.005542756116580001
2022-10-10,-0.01675113436778839
2022-10-11,0.0018945443477663623
2022-10-12,0.015226844078037975
2022-10-13,-0.0030288658958884645
2022-10-14,0.018274753654102208
2022-10-17,0.004206648149908408
2022-10-18,-0.001290971489241884
2022-10-19,-0.01194396878191004
2022-10-20,-0.003069369110211664
2022-10-21,0.0012775809363049224
2022-10-24,-0.020401306598855966
2022-10-25,-0.00042997461124927435
2022-10-26,0.00777140954447197
2022-10-27,-0.00554962643901021
2022-10-28,-0.022707173300693675
2022-10-31,-0.007728878407675828
2022-11-01,0.025832626297623645
2022-11-02,0.011442435273404635
2022-11-03,-0.0018529694462932262
2022-11-04,0.024056091883240066
2022-11-07,0.0022834402029227405
2022-11-08,-0.004340393411273497
2022-11-09,-0.005339750215967991
2022-11-10,-0.003957732431291657
2022-11-11,0.01671000533056121
2022-11-14,-0.0012607992024554172
2022-11-15,0.016302785847658815
2022-11-16,-0.004509078547325852
2022-11-17,-0.0014594070983545249
2022-11-18,-0.0058557921081763414
2022-11-21,-0.003946769100266762
2022-11-22,0.0012633667484284491
2022-11-23,0.002576850201724947
2022-11-24,-0.0024570751843843637
2022-11-25,0.003999359231585984
2022-11-28,-0.007488417321618147
2022-11-29,0.022864377695227887
2022-11-30,0.0005046745987590268
2022-12-01,0.004473784573972554
2022-12-02,-0.0029517818322765885
2022-12-05,0.01748487921024843
2022-12-06,0.00022414753982967852
2022-12-07,-0.004026735944793957
2022-12-08,-0.0007097110335928354
2022-12-09,0.002997987973812809
2022-12-12,-0.008741065271919231
2022-12-13,-0.0008528221533128686
2022-12-14,6.296376752098337e-05
2022-12-15,-0.0024837763628680633
2022-12-16,-0.0002493486174860042
2022-12-19,-0.019363247345672373
2022-12-20,-0.010788212473682068
2022-12-21,-0.001745309111941677
2022-12-22,-0.004566516287807402
2022-12-23,-0.0028064211983713987
2022-12-26,0.006443686053555778
2022-12-27,0.009741796500060265
2022-12-28,-0.0026427444270330706
2022-12-29,-0.004447265124755923
2022-12-30,0.005049532387717688
2023-01-03,0.008782205960794093
2023-01-04,0.002246785015103408
2023-01-05,0.010097653144019694
2023-01-06,0.000766688986779993
2023-01-09,0.0058228188492674155
2023-01-10,-0.0020707301756456345
2023-01-11,-0.0024228651873879027
2023-01-12,0.0005090675794371046
2023-01-13,0.010020905525856555
2023-01-16,0.010051618983266496
2023-01-17,-0.0010384651489752184
2023-01-18,5.272421360740504e-05
2023-01-19,0.004909758048663609
2023-01-20,0.007541822256176314
2023-01-30,0.0013804441344748692
2023-01-31,-0.0041839205614565625
2023-02-01,0.008944206867241091
2023-02-02,0.0002282900023459911
2023-02-03,-0.0067979275632176145
2023-02-06,-0.0076006462387071365
2023-02-07,0.002895116554930629
2023-02-08,-0.004931956541991597
2023-02-09,0.011771011375462931
2023-02-10,-0.002973490374247195
2023-02-13,0.007178215740848054
2023-02-14,0.002773117153340846
2023-02-15,-0.0038912271462099783
2023-02-16,-0.009636311227668035
2023-02-17,-0.0077274621555895985
2023-02-20,0.020361874803672252
2023-02-21,0.004905373903498938
2023-02-22,-0.004659229032325539
2023-02-23,-0.0011157339387441781
2023-02-24,-0.0062002078210414945
2023-02-27,-0.0027983877735560823
2023-02-28,0.006601794646982835
2023-03-01,0.009933394380593211
2023-03-02,-0.0005133625358099753
2023-03-03,0.00534415886068758
2023-03-06,-0.0019126617383218906
2023-03-07,-0.011178948981173342
2023-03-08,-0.0005633073904159099
2023-03-09,-0.0021831473421996283
2023-03-10,-0.014143733411226845
2023-03-13,0.01188544761728672
2023-03-14,-0.007181475166733682
2023-03-15,0.005531140515270482
2023-03-16,-0.01122319259435931
2023-03-17,0.007305387691795749
2023-03-20,-0.0048231059380787
2023-03-21,0.006390841650034241
2023-03-22,0.0030974968796144164
2023-03-23,0.0063793635551264005
2023-03-24,-0.006409984861433712
2023-03-27,-0.0043731512602418155
2023-03-28,-0.0018532262822345256
2023-03-29,-0.001640598384461131
2023-03-30,0.006518709317510349
2023-03-31,0.0035536629221395288
2023-04-03,0.007166743516150634
2023-04-04,0.004890340448754191
2023-04-06,2.113146943793585e-05
2023-04-07,0.004523913333877614
2023-04-10,-0.0037001341325257602
2023-04-11,-0.0005400570057328488
2023-04-12,0.004098940347244609
2023-04-13,-0.002654413389654852
2023-04-14,0.005946076339586912
2023-04-17,0.014117335605547537
2023-04-18,0.0022776432118865246
2023-04-19,-0.006860420847609106
2023-04-20,-0.0009202691397506448
2023-04-21,-0.019726836367913607
2023-04-24,-0.007861161689049339
2023-04-25,-0.0032231063882553726
2023-04-26,-0.00023587181548393306
2023-04-27,0.006650426497202751
2023-04-28,0.011314737567878208
2023-05-04,0.008148411890651807
2023-05-05,-0.004774906752960488
2023-05-08,0.01798101792043553
2023-05-09,-0.011056479965814027
2023-05-10,-0.011538554992597793
2023-05-11,-0.002896497567172319
2023-05-12,-0.011300791346942734
2023-05-15,0.011660292218601244
2023-05-16,-0.0059832979902417665
2023-05-17,-0.002056205687950475
2023-05-18,0.0039777916326888514
2023-05-19,-0.004187908613806884
2023-05-22,0.003930090271181953
2023-05-23,-0.015354795456003151
2023-05-24,-0.012863319302495457
2023-05-25,-0.0010896019036144415
2023-05-26,0.003504967914845677
2023-05-29,0.0027821185346127786
2023-05-30,0.0008563902435694649
2023-05-31,-0.006113163542822518
2023-06-01,2.184363390781112e-05
2023-06-02,0.007907169735754182
2023-06-05,0.0007334611803303044
2023-06-06,-0.01154377156357186
2023-06-07,0.0007570662481692486
2023-06-08,0.004938127591849947
2023-06-09,0.005529882206571994
2023-06-12,-0.0007987319781197043
2023-06-13,0.0014978726204806394
2023-06-14,-0.001448320294763072
2023-06-15,0.007402104464087899
2023-06-16,0.0062363160664123144
2023-06-19,-0.005366722738517046
2023-06-20,-0.004756657886323413
2023-06-21,-0.013190090363571398
2023-06-26,-0.014895085512605509
2023-06-27,0.012246093930164428
2023-06-28,-1.881225681293298e-05
2023-06-29,-0.0021971960074268024
2023-06-30,0.00616500815481831
2023-07-03,0.013006618318514991
2023-07-04,0.00042223157717465596
2023-07-05,-0.006926113366999635
2023-07-06,-0.005407167542628238
2023-07-07,-0.0027990484022278462
2023-07-10,0.0022155185921051293
2023-07-11,0.005500343046428763
2023-07-12,-0.007866031988306403
2023-07-13,0.01254561654783198
2023-07-14,0.0003768817099432818
2023-07-17,-0.008707535478450396
2023-07-18,-0.0036863380514633916
2023-07-19,0.00031891643721730287
2023-07-20,-0.009208087220942417
2023-07-21,-0.000558600168850281
2023-07-24,-0.00113393916991048
2023-07-25,0.02106499725097103
2023-07-26,-0.002630703889915092
2023-07-27,-0.0019752479363480562
2023-07-28,0.018255135289488692
2023-07-31,0.004601826006549429
2023-08-01,-2.7347352398171798e-05
2023-08-02,-0.00893081093412902
2023-08-03,0.005738190504045947
2023-08-04,0.0023201513329505876
2023-08-07,-0.005871685079196817
2023-08-08,-0.002514761373985991
2023-08-09,-0.0049591884096706115
2023-08-10,0.0030989169367080867
2023-08-11,-0.020271310435777505
2023-08-14,-0.0033984152512533993
2023-08-15,-0.0007081473431182181
2023-08-16,-0.008235495014655713
2023-08-17,0.004311150238960802
2023-08-18,-0.010099058305171183
2023-08-21,-0.012520786293029712
2023-08-22,0.008803737990994553
2023-08-23,-0.013528783969739173
2023-08-24,0.0012466238888499356
2023-08-25,-0.005912507807717615
2023-08-28,0.011219207982053035
2023-08-29,0.01194971978991751
2023-08-30,0.0003985314964362392
2023-08-31,-0.005517017295523904
2023-09-01,0.004276264966229137
2023-09-04,0.013885436340816446
2023-09-05,-0.007167447839237073
2023-09-06,0.0011754549904313344
2023-09-07,-0.011378324568536628
2023-09-08,-0.0018047566474313362
2023-09-11,0.00832659176167518
2023-09-12,-0.0018217029675491796
2023-09-13,-0.004469563184738609
2023-09-14,0.0011136678260995482
2023-09-15,-0.002821779848712597
2023-09-18,0.0026234585419567472
2023-09-19,-0.0003103558078243829
2023-09-20,-0.005258669732944637
2023-09-21,-0.007708405477301009
2023-09-22,0.015354653273488918
2023-09-25,-0.0053841014565406894
2023-09-26,-0.004290858127658995
2023-09-27,0.0016265167630514607
2023-09-28,0.00101643676929488
2023-10-09,-0.0043689859101961595
2023-10-10,-0.007025122214316715
2023-10-11,0.001208930633736099
2023-10-12,0.009355379328541111
2023-10-13,-0.006391241897711317
2023-10-16,-0.004638180570003012
2023-10-17,0.0031474809615262872
2023-10-18,-0.00807205699760748
2023-10-19,-0.017585915191963456
2023-10-20,-0.007457723950295794
2023-10-23,-0.01478156372259198
2023-10-24,0.007777683309757808
2023-10-25,0.003999095679839487
2023-10-26,0.004759829260543899
2023-10-27,0.009816797893937183
2023-10-30,0.001248483023678108
2023-10-31,-0.0009204810991099494
2023-11-01,0.001426715569267726
2023-11-02,-0.004532132966233329
2023-11-03,0.007082564816449066
2023-11-06,0.009068562003133933
2023-11-07,-0.0003728121854655443
2023-11-08,-0.001604022839511464
2023-11-09,0.0002980845632286125
2023-11-10,-0.004697780398848051
2023-11-13,0.0024845958061379294
2023-11-14,0.0031265387773468153
2023-11-15,0.005469184283326427
2023-11-16,-0.007152498910378487
2023-11-17,0.0011268898707786279
2023-11-20,0.004556828498238271
2023-11-21,-0.0001271134652353837
2023-11-22,-0.007958756180137435
2023-11-23,0.0059782635420356015
2023-11-24,-0.006846030969093688
2023-11-27,-0.0030530251768802184
2023-11-28,0.0022569096520308695
2023-11-29,-0.005564150429175894
2023-11-30,0.002637425182354877
2023-12-01,0.0006500245225423042
2023-12-04,-0.0028837836172929646
2023-12-05,-0.016883879716503073
2023-12-06,-0.0011344453459715966
2023-12-07,-0.0009165749048631055
2023-12-08,0.0011287500545605978
2023-12-11,0.007341083127691027
2023-12-12,0.004003421595555015
2023-12-13,-0.011613941198491195
2023-12-14,-0.0032963633239400728
2023-12-15,-0.005568043123719998
2023-12-18,-0.004004527464861968
2023-12-19,0.0005423668818427599
2023-12-20,-0.010379731548713664
2023-12-21,0.0057036792075740635
2023-12-22,-0.0013473925881642569
2023-12-25,0.0013816537127548517
2023-12-26,-0.006851543470179385
2023-12-27,0.005411564615326417
2023-12-28,0.013661102747516895
2023-12-29,0.006823386447378183
2024-01-02,-0.004261267208662684
2024-01-03,0.001676355854132773
2024-01-04,-0.004356937451572317
2024-01-05,-0.00855614012425017
2024-01-08,-0.014317591812839599
2024-01-09,0.0019755091802345936
2024-01-10,-0.00538907376904117
2024-01-11,0.003105296240502158
2024-01-12,-0.001619102289520139
2024-01-15,0.0014943824758838486
2024-01-16,0.0026642323744300966
2024-01-17,-0.021081126597549384
2024-01-18,0.004282149023236738
2024-01-19,-0.004755154203343534
2024-01-22,-0.027178328259504673
2024-01-23,0.00529733550267956
2024-01-24,0.017808849080318753
2024-01-25,0.029805519826066305
2024-01-26,0.0014132625501231484
2024-01-29,-0.0092723989125076
2024-01-30,-0.018492307515285356
2024-01-31,-0.014942225798660306
2024-02-01,-0.006407314937867674
2024-02-02,-0.01475787979362149
2024-02-05,-0.010293997393843162
2024-02-06,0.031796228076633286
2024-02-07,0.014311915543682796
2024-02-08,0.012711737993073277
2024-02-19,0.015456194016347152
2024-02-20,0.0041794800325120245
2024-02-21,0.00961243013093063
2024-02-22,0.012594200799192056
2024-02-23,0.005512891804632921
2024-02-26,-0.009314833561820595
2024-02-27,0.01283622130391007
2024-02-28,-0.01929636842397202
2024-02-29,0.01919356026887327
2024-03-01,0.003922423887063423
2024-03-04,0.0040518787518905915
2024-03-05,0.0027862218415585236
2024-03-06,-0.002582248975822107
2024-03-07,-0.004130323490903383
2024-03-08,0.006131655093267546
2024-03-11,0.007339986637265961
2024-03-12,-0.0040885694731803805
2024-03-13,-0.003970646732763193
2024-03-14,-0.0018414818605841496
2024-03-15,0.005386637062391767
2024-03-18,0.009867220589592716
2024-03-19,-0.007212496435916609
2024-03-20,0.0055124723429466355
2024-03-21,-0.0008380977621549142
2024-03-22,-0.009495364511545427
2024-03-25,-0.0071514247040915
2024-03-26,0.0017068935222998786
2024-03-27,-0.012727945527024467
2024-03-28,0.005836320240986583
2024-03-29,0.010082985968511423
2024-04-01,0.011836275831036615
2024-04-02,-0.0007866925835726474
2024-04-03,-0.0018423704729264479
2024-04-08,-0.007275613118734128
2024-04-09,0.0004888780346696394
2024-04-10,-0.006981744558816494
2024-04-11,0.0022832340763478324
2024-04-12,-0.004882957707643185
2024-04-15,0.012477020760855688
2024-04-16,-0.01659215730647617
2024-04-17,0.02116078924870339
2024-04-18,0.0009242385453541511
2024-04-19,-0.002918816043448584
2024-04-22,-0.006762864858662659
2024-04-23,-0.007457283948054992
2024-04-24,0.007529540419146191
2024-04-25,0.0026501724346469904
2024-04-26,0.01163890602566547
2024-04-29,0.007868876143969868
2024-04-30,-0.002643998027825085
2024-05-06,0.011496330307573212
2024-05-07,0.0022326620241190664
2024-05-08,-0.006137471426429684
2024-05-09,0.008225678263897685
2024-05-10,7.291321586972177e-05
2024-05-13,-0.0020721713004675773
2024-05-14,-0.0007149905210857891
2024-05-15,-0.008257743228355315
2024-05-16,0.0008009868585816746
2024-05-17,0.01007906334247735
2024-05-20,0.0054132979003684144
2024-05-21,-0.004164882022129778
2024-05-22,0.0001804794107972085
2024-05-23,-0.013434614877065813
2024-05-24,-0.008869952404954582
2024-05-27,0.01132170775901788
2024-05-28,-0.004642583026532736
2024-05-29,0.0004661937296177149
2024-05-30,-0.006236014211310745
2024-05-31,-0.0015764372876086081
2024-06-03,-0.002698978168320984
2024-06-04,0.004120148007438091
2024-06-05,-0.008381298453391493
2024-06-06,-0.005433275989544143
2024-06-07,0.0008163841196233836
2024-06-11,-0.0076423267243400945
2024-06-12,0.003106084086274186
2024-06-13,-0.0028188117352526895
2024-06-14,0.0012241094978245406
2024-06-17,-0.00553525250521178
2024-06-18,0.004750147036440782
2024-06-19,-0.0040341968969745895
2024-06-20,-0.004186947574133883
2024-06-21,-0.0024318835087458533
2024-06-24,-0.011756078788575835
2024-06-25,-0.004430847248325765
2024-06-26,0.0076082716948606115
2024-06-27,-0.009016041799384391
2024-06-28,0.007288748287351588
2024-07-01,0.009167928718660975
2024-07-02,0.000761047745745576
2024-07-03,-0.00489348552089689
2024-07-04,-0.008353654248705721
2024-07-05,-0.002586543972723997
2024-07-08,-0.009359135678767557
2024-07-09,0.012554102267075398
2024-07-10,-0.0067845372664541576
2024-07-11,0.010501386746616843
2024-07-12,0.00030294462404014685
2024-07-15,0.0009150085579448757
2024-07-16,0.0007697078347377509
2024-07-17,-0.004529275399053291
2024-07-18,0.004808106259709201
2024-07-19,0.0017384188126868944
2024-07-22,-0.0060842393142059685
2024-07-23,-0.01661718727930076
2024-07-24,-0.0046138166049978415
2024-07-25,-0.005255087076070118
2024-07-26,0.001440034588130289
2024-07-29,0.0003285634027222956
2024-07-30,-0.004349226681939995
2024-07-31,0.020437111822631752
2024-08-01,-0.0021665306866275598
2024-08-02,-0.009267367143319064
2024-08-05,-0.015484072913357638
2024-08-06,0.0022974950661031955
2024-08-07,0.000888949372741285
2024-08-08,2.4391391233980448e-05
2024-08-09,-0.002690119886327037
2024-08-12,-0.0013950100070319802
2024-08-13,0.0034054327681035074
2024-08-14,-0.006050450381711753
2024-08-15,0.009326168633421774
2024-08-16,0.0007191508077290153
2024-08-19,0.004933234788818703
2024-08-20,-0.009378003674665554
2024-08-21,-0.003522483915624014
2024-08-22,-0.0027377829154360315
2024-08-23,0.001963831082442834
2024-08-26,0.0004028098669324107
2024-08-27,-0.0023806821955361596
2024-08-28,-0.003974568030334917
2024-08-29,-0.005059598748094908
2024-08-30,0.006742804419070729
2024-09-02,-0.011030954344636
2024-09-03,-0.002867827281114002
2024-09-04,-0.006693824817403329
2024-09-05,0.0014463654073076128
2024-09-06,-0.008102137902516538
2024-09-09,-0.01065746234009353
2024-09-10,0.0028098721568135558
2024-09-11,-0.008192523304950402
2024-09-12,-0.0017209303152187238
2024-09-13,-0.004807054178376024
2024-09-18,0.004865938323837004
2024-09-19,0.006872929700784398
2024-09-20,0.0002886989018430439
2024-09-23,0.004415098691250562
2024-09-24,0.04070732473273714
2024-09-25,0.011522080992605611
2024-09-26,0.03549139221292628
2024-09-27,0.028442513299610322
2024-09-30,0.07755093485544415
2024-10-08,0.04491634361659717
2024-10-09,-0.06846125600798161
2024-10-10,0.013129705029921133
2024-10-11,-0.02582789621917442
2024-10-14,0.020480379205845382
2024-10-15,-0.025605775414102996
2024-10-16,0.0005184065672668779
2024-10-17,-0.01053627497588655
2024-10-18,0.028669623364146486
2024-10-21,0.002006227633847219
2024-10-22,0.005419620893249181
2024-10-23,0.005139136505884753
2024-10-24,-0.006847906013966282
2024-10-25,0.005908867701873383
2024-10-28,0.006795658825795862
2024-10-29,-0.010831430484134074
2024-10-30,-0.006156307357708789
2024-10-31,0.004149066608420251
2024-11-01,-0.0023840678708674976
2024-11-04,0.011607156514691257
2024-11-05,0.022929989880726927
2024-11-06,-0.0009393277703725034
2024-11-07,0.02534248400622372
2024-11-08,-0.005304102015389851
2024-11-11,0.0051340910795312465
2024-11-12,-0.013958358037426372
2024-11-13,0.00504573852440319
2024-11-14,-0.017433776056560473
2024-11-15,-0.014636871909826845
2024-11-18,-0.0020677495653631107
2024-11-19,0.006644841582135715
2024-11-20,0.006547536051209913
2024-11-21,0.000715304428137626
2024-11-22,-0.031101143423924036
2024-11-25,-0.0010503832720694724
2024-11-26,-0.001226331950019782
2024-11-27,0.015228148886604492
2024-11-28,-0.004263133436029966
2024-11-29,0.00929008698974401
2024-12-02,0.011216121312842957
2024-12-03,0.00439877970764516
2024-12-04,-0.004199630697455982
2024-12-05,0.0012504624032882068
2024-12-06,0.010400303994302642
2024-12-09,-0.00045543964669402854
2024-12-10,0.005898753988996362
2024-12-11,0.0028679187873673928
2024-12-12,0.008416075808675606
2024-12-13,-0.020317681190570452
2024-12-16,-0.001637600853412125
2024-12-17,-0.007362411031843745
2024-12-18,0.0061450139243909374
2024-12-19,-0.003607695582709317
2024-12-20,-0.0005817663897183081
2024-12-23,-0.005003485487291616
2024-12-24,0.012534283028045393
2024-12-25,-5.304351927317032e-05
2024-12-26,0.0013929321997828647
2024-12-27,0.0006060410116326723
2024-12-30,0.0021123861503867694
2024-12-31,-0.016443412384206452
2025-01-02,-0.026973417726855894
2025-01-03,-0.015795842474364993
2025-01-06,-0.001405345841928086
2025-01-07,0.007059700946616141
2025-01-08,0.00016409151389574497
2025-01-09,-0.005830902206628012
2025-01-10,-0.013439263325298743
2025-01-13,-0.0024552606867228217
2025-01-14,0.02505406997348637
2025-01-15,-0.004273312563831906
2025-01-16,0.0027571712383217457
2025-01-17,0.0017876306311161677
2025-01-20,0.0007893682380834914
2025-01-21,-0.0005426237222706733
2025-01-22,-0.008983617411293192
2025-01-23,0.005133644017950693
2025-01-24,0.006932228248760739
2025-01-27,-0.0006243051732551791
2025-02-05,-0.006515364655901785
2025-02-06,0.012667569374595075
2025-02-07,0.0100421723302422
2025-02-10,0.005584212137456338
2025-02-11,-0.0012379090859363222
2025-02-12,0.008501878068073447
2025-02-13,-0.004165381303124929
2025-02-14,0.0042639901711302155
2025-02-17,0.0027183700561394177
2025-02-18,-0.009382852894887057
2025-02-19,0.00810366281442715
2025-02-20,-0.00022678714333456218
2025-02-21,0.008419206656527033
2025-02-24,-0.0018009110128824146
2025-02-25,-0.008033893133661473
2025-02-26,0.01016028067664171
2025-02-27,0.0023196484537168272
2025-02-28,-0.02002165566713298
2025-03-03,-0.0011961741934841204
2025-03-04,0.0021923955573900544
2025-03-05,0.005325409327732197
2025-03-06,0.011643639115902603
2025-03-07,-0.0025319655498076974
2025-03-10,-0.0018965059826767236
2025-03-11,0.0040527835679774055
2025-03-12,-0.002343097306296453
2025-03-13,-0.003919388732132368
2025-03-14,0.017948961493361622
2025-03-17,0.0019194564805480618
2025-03-18,0.0010589435767528953
2025-03-19,-0.0009713850584205717
2025-03-20,-0.005114576835457722
2025-03-21,-0.013026884229340835
2025-03-24,0.0015442046407238656
2025-03-25,-1.483677323951973e-05
2025-03-26,-0.0003798963640933682
2025-03-27,0.0014979720856117026
2025-03-28,-0.006673571175064925
2025-03-31,-0.004653772534619518
2025-04-01,0.003797024096080013
2025-04-02,0.0005045853177191047
2025-04-03,-0.0024267286652394477
2025-04-07,-0.07627414570584592
2025-04-08,0.015690478942555073
2025-04-09,0.013031660837507765
2025-04-10,0.011490739415470326
2025-04-11,0.004515728355112362
2025-04-14,0.007561903058113383
2025-04-15,0.0014853451257543972
2025-04-16,0.0025490335732029634
2025-04-17,0.0013239095696398312
2025-04-18,-0.0011011016703308123
2025-04-21,0.004476146909928507
2025-04-22,0.0025276177548902838
2025-04-23,-0.001030909171185241
2025-04-24,0.0002820895880633799
2025-04-25,-0.0006765417749535861
2025-04-28,-0.0020202119130780507
2025-04-29,-0.0005353563441353292
2025-04-30,-0.002321161988171268
2025-05-06,0.011244762268346907
2025-05-07,0.007977479615420396
2025-05-08,0.002787293784578392
2025-05-09,-0.002987752446634671
2025-05-12,0.008117769469936125
2025-05-13,0.0016696054209794108
2025-05-14,0.008579716937486452
2025-05-15,-0.006818238379863201
2025-05-16,-0.00395953263786406
2025-05-19,3.563453224116845e-05
2025-05-20,0.003823325730403312
2025-05-21,0.002095138952438768
2025-05-22,-0.0021809292661732218
2025-05-23,-0.009458260672205046
2025-05-26,-0.0004570431776249439
2025-05-27,-0.0018392446041200687
2025-05-28,-0.00022752379368349413
2025-05-29,0.007017384220359377
2025-05-30,-0.004756421630741949
2025-06-03,0.0043192748539828815
2025-06-04,0.0042207305563978755
2025-06-05,0.002337175449631748
2025-06-06,0.0003722601254903158
2025-06-09,0.004247530014853517
2025-06-10,-0.004407053100250056
2025-06-11,0.005156822691495724
2025-06-12,9.992681838386674e-05
2025-06-13,-0.0075697372813254525
2025-06-16,0.003467478528666731
2025-06-17,-0.00039255445721357753
2025-06-18,0.00041616184278515277
2025-06-19,-0.007910074246618467
2025-06-20,-0.000657541443593995
2025-06-23,0.006431844265430296
2025-06-24,0.011464147960947668
2025-06-25,0.010295966494742771
2025-06-26,-0.0021783156220421575
2025-06-27,-0.00704822580584134
2025-06-30,0.0058818046710529025
2025-07-01,0.0038596549309334086
2025-07-02,-0.0008564146264374146
2025-07-03,0.0018392298929332132
2025-07-04,0.003222054660529723
2025-07-07,0.0002332462270039551
2025-07-08,0.006986504494174943
2025-07-09,-0.0012674291056673714
2025-07-10,0.004749585165325915
2025-07-11,0.0001424529836336947
2025-07-14,0.002694234633976007
2025-07-15,-0.004171032361599605
2025-07-16,-0.0003481347716211628
2025-07-17,0.0037176299581050745
2025-07-18,0.005006172430842045
2025-07-21,0.007135366256109152
2025-07-22,0.006180664204278806
2025-07-23,0.00012283366104424675
2025-07-24,0.006519194544538857
2025-07-25,-0.0033530649981810532
2025-07-28,0.00119027768655412
2025-07-29,0.0032659772497727457
2025-07-30,0.001663569195476763
2025-07-31,-0.01182665444995394
2025-08-01,-0.003717851632031736
2025-08-04,0.006540454434966651
2025-08-05,0.009523868285114017
2025-08-06,0.004520395639962149
2025-08-07,0.001561800016653029
2025-08-08,-0.0012481444409171074
2025-08-11,0.003410835582774532
2025-08-12,0.005023617689884038
2025-08-13,0.004773200814705602
2025-08-14,-0.004631363807010594
2025-08-15,0.008238301376775694
2025-08-18,0.008420478586870934
2025-08-19,-0.00019851595972550568
2025-08-20,0.010387762720556986
2025-08-21,0.0012975453274647257
2025-08-22,0.014390404262591992
2025-08-25,0.014995118386748158
2025-08-26,-0.003916443987760377
2025-08-27,-0.017742646997073636
2025-08-28,0.011316259666907014
2025-08-29,0.003721342781832698
2025-09-01,0.00455165744331314
2025-09-02,-0.004499817514633129
2025-09-03,-0.011619474055025728
2025-09-04,-0.012581570395905378
2025-09-05,0.01230619920035267
2025-09-08,0.0037516324838078696
2025-09-09,-0.005121747399314538
2025-09-10,0.0012940466481345147
2025-09-11,0.016413962991943268
2025-09-12,-0.0012161258213670076
2025-09-15,-0.002612825017380461
2025-09-16,0.00035222393518578236
2025-09-17,0.0037424767777336295
2025-09-18,-0.011593279821038588
2025-09-19,-0.0030241471082436337
2025-09-22,0.002219994714591225
2025-09-23,-0.0017646117663087497
2025-09-24,0.008288790685855162
2025-09-25,-8.823216483330974e-05
2025-09-26,-0.006558715209643251
2025-09-29,0.008951200373960832
2025-09-30,0.00522898273666085
2025-10-09,0.01309770219100625
2025-10-10,-0.009434369555311082
2025-10-13,-0.0019341098916564822
2025-10-14,-0.006259425987064691
2025-10-15,0.012081243035766694
2025-10-16,0.0010270246315615549
2025-10-17,-0.019719591698526117
2025-10-20,0.00626458338972107
2025-10-21,0.013480542744546565
2025-10-22,-0.0006564420312634094
2025-10-23,0.0022077120617177344
2025-10-24,0.0070877960350639885
2025-10-27,0.0117350115118575
2025-10-28,-0.002184052283551324
2025-10-29,0.007023534253770183
2025-10-30,-0.007354563758543535
2025-10-31,-0.008086484104977542
2025-11-03,0.005479562486232193
2025-11-04,-0.004115061037627394
2025-11-05,0.002285156062108553
2025-11-06,0.009655321774665796
2025-11-07,-0.0025483067559539723
2025-11-10,0.005249408274120017
2025-11-11,-0.003949460088978574
2025-11-12,-0.0006547626719321886
2025-11-13,0.007312938275024076
2025-11-14,-0.009728268403277526
2025-11-17,-0.0046367313546574205
2025-11-18,-0.008144800227688551
2025-11-19,0.001757422899399409
2025-11-20,-0.003983355927553076
2025-11-21,-0.02476581454202805
2025-11-24,0.0004901155780191679
2025-11-25,0.008628808182350007
2025-11-26,-0.0015101758707836315
2025-11-27,0.002863258212406682
2025-11-28,0.003436438350972111
2025-12-01,0.00651322822204931
2025-12-02,-0.00417322271060364
2025-12-03,-0.005069644370573898
2025-12-04,-0.0005700438262694588
2025-12-05,0.006947293517175478
2025-12-08,0.005435122343768168
2025-12-09,-0.0037173245420865737
2025-12-10,-0.0023098542668167125
2025-12-11,-0.006992729637291841
2025-12-12,0.004130028143790593
2025-12-15,-0.0055251536988357415
2025-12-16,-0.011208102011763308
2025-12-17,0.011818063003510923
2025-12-18,0.001572292863261667
2025-12-19,0.003625683464827126
2025-12-22,0.006893125358506678
2025-12-23,0.0006685942163026439
2025-12-24,0.005335259248600022
2025-12-25,0.004726250068873596
2025-12-26,0.0010248256043164374
2025-12-29,0.00040358382983840166
2025-12-30,-4.0351054176811746e-05
2025-12-31,0.0009377411211051114
2026-01-05,0.013658426653000693
2026-01-06,0.01486380668339122
2026-01-07,0.0005141111376677026
2026-01-08,-0.0006830910747636518
2026-01-09,0.009130412881023824
2026-01-12,0.010828374198624261
2026-01-13,-0.006389674981177424
2026-01-14,-0.0030659987598564194
2026-01-15,-0.003274795399725205
2026-01-16,-0.0026027130126099304
2026-01-19,0.0029430723380943252
2026-01-20,-8.507897156823019e-05
2026-01-21,0.0007994567036454717
2026-01-22,0.001369012000910499
2026-01-23,0.0032886402136759986
2026-01-26,-0.000861072330062026
2026-01-27,0.001764884108756872
2026-01-28,0.002735451836815521
2026-01-29,0.0016222946265032092
2026-01-30,-0.00967391270397346
2026-02-02,-0.02513133725973096
2026-02-03,0.012863433217028906
2026-02-04,0.008435852492898705
2026-02-05,-0.006426927083179375
2026-02-06,-0.0025400738339253414
2026-02-09,0.014046468003419445
2026-02-10,0.0012797736935381528
2026-02-11,0.0008740550291036832
2026-02-12,0.0004935882026173478
2026-02-13,-0.012646086479981274
2026-02-24,0.008620112210014347
2026-02-25,0.0072163165986230265
2026-02-26,-0.0001446853457970524
2026-02-27,0.003911186270958096
2026-03-02,0.004723529446994172
2026-03-03,-0.014427234553672758
2026-03-04,-0.009801239927352276
2026-03-05,0.006372838695299694
2026-03-06,0.0037946007760914216
2026-03-09,-0.0067122754839992315
2026-03-10,0.006457647621243026
2026-03-11,0.0024925617605205904
2026-03-12,-0.001048105216291866
2026-03-13,-0.008182864172442982
2026-03-16,-0.0026062819756354424
2026-03-17,-0.008575660752503307
2026-03-18,0.0032220358730855785
2026-03-19,-0.01398617264382242
2026-03-20,-0.012431723719886979
2026-03-23,-0.03700908698693348
2026-03-24,0.017675284966627722
2026-03-25,0.012942513558690675
2026-03-26,-0.010934883894202952
2026-03-27,0.00631570254357606
2026-03-30,0.002442259166899514
2026-03-31,-0.008043395059585135
2026-04-01,0.014461230458162081
2026-04-02,-0.007437907963179334
2026-04-03,-0.010049588449804674
2026-04-07,0.002589361390957348
2026-04-08,0.026593291328345283
2026-04-09,-0.007242685692334502
2026-04-10,0.005042519917728552
2026-04-13,0.0005868500616083359
2026-04-14,0.009499534331594475
2026-04-15,0.00014403067381576923
2026-04-16,0.007012484877623936
2026-04-17,-0.0010164081704144515
2026-04-20,0.007549005796441645
2026-04-21,0.0007224009492327542
2026-04-22,0.0051713265963082115
2026-04-23,-0.003173363022377924
2026-04-24,-0.0032667972256859826
2026-04-27,0.001577225586079784
2026-04-28,-0.0018861043830256505
2026-04-29,0.007053405982396875
2026-04-30,0.001131432404477037
2026-05-06,0.0116075009211138
2026-05-07,0.004776838582532409
2026-05-08,-3.349266271774492e-05
2026-05-11,0.010724709783108993
2026-05-12,-0.0024954068338661753
2026-05-13,0.006640630003610302
2026-05-14,-0.015355702662101596
2026-05-15,-0.01023187419754334
2026-05-18,-0.0009338424178566825
2026-05-19,0.00915791955733538
2026-05-20,-0.0017667425008150001
2026-05-21,-0.02060887604614018
2026-05-22,0.008698276370934831
2026-05-25,0.009599043878799044
2026-05-26,-0.0017353709009482118
2026-05-27,-0.01253551388384451
2026-05-28,0.0011986764728402683
2026-05-29,-0.007363625001343388
2026-06-01,-0.0026654179847355863
2026-06-02,0.00426911788895983
2026-06-03,0.002174268266939138
2026-06-04,-0.006433528500443533
2026-06-05,-0.007430601425390901
2026-06-08,-0.017128079900843297
